strain,sex,animal_id,ALT,ALP,AST,CK,GLU,HDL,HGB,LDH,LDL,MCH,MCHC,MCV,PLT,RBC,WBC,ALB,amylase,calcium,chloride,CHOL,creatinine,ferritin,FFA,iron,LYMP,MONO,phosphorus,potassium,sodium,TBIL,total,transferrin,TG,BUN,uric_acid
129S2/SvPas,f,32898,28,88,60,208,103,80.0,,215,,,,,,,,2.70,661,9.36,114,117,0.307,,,22.7,,,6.11,4.30,151,3.20,4.70,,140,92.4,
129S2/SvPas,f,32899,18,94,62,281,79.2,76.8,,194,12.9,,,,,,,2.60,676,9.32,117,106,0.261,,,14.3,,,4.12,4.10,151,2.80,4.90,,97.0,63.0,
129S2/SvPas,f,32900,40,76,141,1898,81,88.1,,422,18.7,,,,,,,2.60,758,9.52,117,131,0.250,,1.42,15,,,5.55,4.80,153,,4.60,,127,52.8,
129S2/SvPas,f,32901,22,89,71,218,93.6,79.2,,195,18.3,,,,,,,2.50,619,9.48,117,114,0.250,,,16.6,,,5.74,4.50,153,3.90,4.40,,147,49.8,
129S2/SvPas,f,32902,20,128,57,235,79.2,94.0,,185,24.6,,,,,,,2.80,724,9.76,115,138,0.261,,,17.2,,,5.61,4.30,151,2.50,5,,239,51.6,
129S2/SvPas,f,32903,14,105,76,371,81,54.2,,221,14.8,,,,,,,3,644,9.56,113,82.3,0.250,,1.27,30.7,,,3.78,3.80,152,3,5.20,,65.0,25.8,
129S2/SvPas,f,32904,19,131,61,156,82.8,69.8,,192,,,,,,,,2.90,760,8.56,110,103,0.261,,1.38,16.4,,,4.50,4,150,1.90,5.90,,105,40.8,
129S2/SvPas,f,32905,18,154,71,337,86.4,75.7,,280,15.6,,,,,,,3.10,780,9,112,111,0.295,,1.58,20,,,5.24,4.70,158,2.40,6,,102,51.0,
129S2/SvPas,f,32906,22,136,54,168,91.8,70.6,,213,13.3,,,,,,,3.10,752,9.84,115,101,0.250,,1,16.9,,,5.18,4.20,153,1.90,5.50,,85.4,54.0,
129S2/SvPas,f,32907,19,134,60,213,90,68.2,,191,16.0,,,,,,,3,691,9.60,114,102,0.273,,0.990,20.1,,,5.36,4.20,152,2.10,5.50,,109,52.2,
129S2/SvPas,f,32908,16,141,60,407,73.8,80.3,,225,17.9,,,,,,,2.90,704,9.52,113,107,0.227,,,14,,,5.46,4.30,150,2.10,5,,124,39.0,
129S2/SvPas,f,32909,19,148,67,262,84.6,80.3,,203,15.6,,,,,,,3,755,8.96,114,108,0.239,,1.53,15.6,,,4.99,3.80,156,2.10,4.90,,75.7,54.0,
129S2/SvPas,f,32910,93,136,171,1711,91.8,76.4,,820,,,,,,,,3,703,8.96,116,103,0.261,,1.04,28.6,,,6.32,4.90,156,1.70,4.80,,57.9,50.4,
129S2/SvPas,f,32911,15,122,51,129,104,79.2,,161,17.2,,,,,,,2.90,674,9.28,114,103,0.261,,0.860,22.1,,,6.45,4.30,151,2,5.60,,81.9,48.0,
129S2/SvPas,f,32912,21,129,67,293,66.6,80.0,,238,17.2,,,,,,,2.90,659,9.40,113,107,0.227,,1.13,16.9,,,6.01,4.70,151,1.90,5,,87.2,45.6,
129S2/SvPas,f,32913,30,140,63,304,93.6,85.4,,244,19.1,,,,,,,3.20,734,9.52,114,113,0.250,,1.20,27.6,,,4.31,4.70,151,2.50,5.20,,66.8,54.0,
129S2/SvPas,f,32914,37,132,61,249,103,79.2,,313,,,,,,,,3.10,788,,114,111,0.250,,,20.3,,,,4.30,152,2.50,,,76.5,,
129S2/SvPas,f,32915,17,142,52,78,110,87.4,,208,19.9,,,,,,,2.90,807,9.52,113,114,0.250,,1.03,28.1,,,5.15,4.10,149,2.10,5.40,,114,46.2,
129S2/SvPas,f,32916,25,137,80,461,73.8,86.2,,314,21.4,,,,,,,3,732,9.36,116,119,0.227,,0.990,,,,5.58,4.70,154,1.90,4.90,,101,50.4,
129S2/SvPas,f,32917,34,140,48,104,73.8,86.6,,322,8.58,,,,,,,3,848,8.88,114,120,0.250,,1.62,,,,5.95,4.90,154,1.80,5.40,,119,60.0,
129S2/SvPas,f,33157,,,,,55.8,,,,,,,,,,,,,,105,,0.330,,,,,,,5.70,145,,,,,52.8,
129S2/SvPas,f,33158,,,,,85.3,,,,,,,,,,,3.18,,9.48,104,86.2,0.295,,,,,,6.51,6.10,145,,5.71,,,55.2,
129S2/SvPas,f,33159,,,,,63.5,,,,,,,,,,,,,8.68,107,,0.284,,,,,,,6.10,147,,,,,52.8,
129S2/SvPas,f,33160,,,,,,,,,,,,,,,,,,,106,,,,,,,,,6.10,146,,,,,,
129S2/SvPas,f,33161,,,,,73.1,,,,,,,,,,,,,8.80,105,,0.250,,,,,,,5.70,145,,3.40,,,43.8,
129S2/SvPas,f,33162,,,,,79.9,,,,,,,,,,,,,,108,,,,,,,,,6.30,148,,,,,46.8,
129S2/SvPas,f,33163,,,,,75.2,,,,,,,,,,,2.41,,8.32,107,30.4,0.193,,,,,,7.25,5.60,148,,5.07,,17.8,104,
129S2/SvPas,f,33164,,,,,81.7,,,,,,,,,,,,,,105,,0.239,,,,,,7.50,6.10,145,,,,,55.8,
129S2/SvPas,f,33165,,,,,76.0,,,,,,,,,,,2.56,,8.36,107,108,0.205,,,,,,2.76,6.40,146,,5.19,,32.0,64.2,
129S2/SvPas,f,33166,,,,,84.4,,,,,,,,,,,2.73,,8.80,105,65.5,0.273,,,,,,,6,147,,5.49,,,58.8,
129S2/SvPas,f,33199,,,,36,161,,,,,,,,,,,,2900,8,108,99.1,0.306,33.2,,,,,4.34,5.40,150,,4.80,160,124,60.6,
129S2/SvPas,f,33200,,,,28,162,,,,,,,,,,,,2904,8,107,96.7,0.356,38.8,,,,,4.96,4.60,150,,5,159,143,70.2,0.600
129S2/SvPas,f,33201,,,,24,161,,,,,,,,,,,,2398,8,107,109,0.322,41,,,,,4.34,4.80,148,,5.60,156,151,60.6,0.600
129S2/SvPas,f,33202,,,,12,175,,,,,,,,,,,,2472,8,110,106,0.306,44.6,,,,,3.10,4.60,152,,5,151,214,58.4,0.600
129S2/SvPas,f,33203,,,,14,168,,,,,,,,,,,,2434,8,107,110,0.322,41,,,,,3.72,4.60,148,,5.20,156,174,64.2,1
129S2/SvPas,f,33204,,,,84,169,,,,,,,,,,,,2440,8,108,103,0.322,33.6,,,,,4.96,5.80,146,,5.20,160,142,75.6,1
129S2/SvPas,f,33205,,,,26,131,,,,,,,,,,,,2610,8,109,97.1,0.306,37.6,,,,,4.96,5,150,,4.80,158,135,63.6,1
129S2/SvPas,f,33206,,,,50,158,,,,,,,,,,,,2642,8,110,106,0.288,38.4,,,,,3.72,4.60,150,,5,155,142,54.4,1
129S2/SvPas,f,33207,,,,54,198,,,,,,,,,,,,2552,8,110,97.1,0.356,37.6,,,,,4.34,5,148,,4.80,158,148,78.0,1
129S2/SvPas,f,33208,,,,14,170,,,,,,,,,,,,2658,8,108,110,0.340,36,,,,,3.10,4.20,146,,5.80,152,89.9,60.6,1.40
129S2/SvPas,f,33209,,,,78,134,,,,,,,,,,,,2436,8,111,80.0,0.306,45.4,,,,,4.96,5,152,,4.80,155,190,61.8,1
129S2/SvPas,f,33210,,,,64,149,,,,,,,,,,,,2440,8,109,100,0.306,39.8,,,,,4.34,5.20,150,,5.40,158,189,52.4,1
129S2/SvPas,f,33211,,,,40,174,,,,,,,,,,,,2340,8,111,84.2,0.322,34,,,,,4.34,5.20,150,,5.40,151,142,53.6,1.80
129S2/SvPas,f,33212,,,,78,207,,,,,,,,,,,,2634,8,113,94.4,0.306,40.2,,,,,4.34,5.60,148,,5.40,155,116,61.2,2.20
129S2/SvPas,f,33213,,,,14,177,,,,,,,,,,,,2172,8,113,86.6,0.306,39.4,,,,,3.72,5,154,,4.80,148,149,51.8,1.80
129S2/SvPas,f,33676,,,,,,,16.2,,,16.2,33.4,48.7,972,9.98,4.20,,,,,,,,,,,,,,,,,,,,
129S2/SvPas,f,33677,,,,,,,16.9,,,16.1,33.5,48.1,1057,10.5,7.70,,,,,,,,,,,,,,,,,,,,
129S2/SvPas,f,33678,,,,,,,16,,,16.3,33.5,48.7,1235,9.81,6.70,,,,,,,,,,,,,,,,,,,,
129S2/SvPas,f,33679,,,,,,,16.4,,,16.8,32.8,51.2,864,9.74,6.40,,,,,,,,,,,,,,,,,,,,
129S2/SvPas,f,33680,,,,,,,16.9,,,16.3,33.1,49.3,1101,10.4,5.80,,,,,,,,,,,,,,,,,,,,
129S2/SvPas,f,33681,,,,,,,15.5,,,16,33,48.7,1006,9.64,5.10,,,,,,,,,,,,,,,,,,,,
129S2/SvPas,f,33682,,,,,,,17.1,,,16.4,34,48.3,1056,10.4,7.20,,,,,,,,,,,,,,,,,,,,
129S2/SvPas,f,33683,,,,,,,15.9,,,16.4,34.1,48.2,1047,9.68,4.10,,,,,,,,,,,,,,,,,,,,
129S2/SvPas,f,33684,,,,,,,15.9,,,16.5,34.1,48.4,1126,9.63,5,,,,,,,,,,,,,,,,,,,,
129S2/SvPas,f,33685,,,,,,,16.2,,,16.4,33.7,48.7,986,9.85,5.20,,,,,,,,,,,,,,,,,,,,
129S2/SvPas,f,33686,,,,,,,15.8,,,16.2,33.3,48.6,1092,9.76,5.60,,,,,,,,,,,,,,,,,,,,
129S2/SvPas,f,33687,,,,,,,16.1,,,16.7,33.8,49.5,1055,9.61,4.50,,,,,,,,,,,,,,,,,,,,
129S2/SvPas,f,33688,,,,,,,15.9,,,16.7,34.2,48.8,965,9.51,3.80,,,,,,,,,,,,,,,,,,,,
129S2/SvPas,f,33689,,,,,,,16.4,,,16.5,33.8,48.9,1028,9.89,9.10,,,,,,,,,,,,,,,,,,,,
129S2/SvPas,f,33690,,,,,,,15.5,,,15.5,33.4,46.4,979,9.96,5.60,,,,,,,,,,,,,,,,,,,,
129S2/SvPas,f,33691,,,,,,,16.7,,,16.6,34,48.7,1014,10.1,6.10,,,,,,,,,,,,,,,,,,,,
129S2/SvPas,f,33692,,,,,,,16.1,,,16.8,34.8,48.4,983,9.58,6,,,,,,,,,,,,,,,,,,,,
129S2/SvPas,f,33693,,,,,,,16.4,,,16.5,33.8,48.8,1072,9.95,6.30,,,,,,,,,,,,,,,,,,,,
129S2/SvPas,f,33694,,,,,,,15.9,,,16.1,32.8,49,1021,9.88,3.60,,,,,,,,,,,,,,,,,,,,
129S2/SvPas,f,33695,,,,,,,18,,,16.6,33,50.2,1037,10.9,9.20,,,,,,,,,,,,,,,,,,,,
129S2/SvPas,m,32879,13,126,64,325,103,50.3,,167,15.2,,,,,,,2.80,617,8.68,112,78.8,0.261,,0.750,20.6,,,6.01,4.10,151,3.60,4.60,,86.3,30.6,
129S2/SvPas,m,32880,56,173,99,1217,,,,455,,,,,,,,3.10,799,,113,113,0.284,,,22.9,,,,4.50,153,2.30,,,81.9,,
129S2/SvPas,m,32881,33,141,73,553,128,77.6,,273,16.8,,,,,,,3.20,720,9.72,113,114,0.273,,1.33,20.1,,,5.12,4.70,150,2.10,5,,134,45.6,
129S2/SvPas,m,32882,22,152,99,1262,117,79.2,,318,15.2,,,,,,,3.20,700,9.84,113,113,0.273,,1.08,20.6,,,5.30,4.70,151,2.50,5.10,,66.8,40.8,
129S2/SvPas,m,32883,28,112,63,368,75.6,81.9,,209,15.6,,,,,,,2.60,719,9.04,114,114,0.273,,0.740,16.3,,,4.56,4.30,151,3.10,5.40,,106,50.4,
129S2/SvPas,m,32884,31,89,71,392,93.6,84.2,,227,12.9,,,,,,,2.80,644,9.32,114,114,0.307,,0.640,14,,,4.93,4.50,147,4.30,5.10,,86.3,63.0,
129S2/SvPas,m,32885,18,89,64,324,59.4,78.4,,171,16.4,,,,,,,2.60,679,9.12,115,113,0.250,,0.800,13.9,,,4.62,4.40,151,3.10,5,,94.3,48.6,
129S2/SvPas,m,32886,18,80,44,83,84.6,73.3,,132,10.9,,,,,,,2.60,594,9,115,100,0.239,,0.500,16.1,,,4.00,4,150,4.10,4.80,,47.2,57.0,
129S2/SvPas,m,32887,38,99,83,531,84.6,81.5,,275,17.6,,,,,,,2.60,670,9.24,113,120,0.261,,0.790,19.7,,,4.71,4.20,149,2.70,4.90,,126,51.0,
129S2/SvPas,m,32888,23,112,88,582,86.4,86.2,,255,,,,,,,,2.70,698,8.56,116,112,0.261,,0.920,13.4,,,4.19,3.90,156,2.20,5.80,,159,53.4,
129S2/SvPas,m,32889,22,101,64,165,73.8,95.2,,220,30.8,,,,,,,2.60,675,9.28,110,129,0.239,,1.09,12.5,,,4.28,4,149,2.60,5.10,,250,51.6,
129S2/SvPas,m,32890,34,97,88,295,68.4,93.2,,256,17.6,,,,,,,2.50,563,7.88,110,125,0.261,,1.13,11.4,,,3.26,3.90,152,3.60,4.80,,221,53.4,
129S2/SvPas,m,32891,43,87,142,1693,82.8,102,,486,23.8,,,,,,,2.50,666,8.28,106,142,0.273,,1.62,12.9,,,4.65,4.50,146,2.30,4.70,,245,64.2,
129S2/SvPas,m,32892,20,70,66,368,79.2,88.5,,219,28.1,,,,,,,2.70,676,9.84,110,121,0.250,,0.990,13.2,,,5.18,4,150,3,5.30,,185,57.0,
129S2/SvPas,m,32893,22,87,93,370,88.2,88.5,,361,,,,,,,,2.60,675,9,115,120,0.216,,,17.3,,,5.05,4.10,150,2.40,4.50,,259,64.2,
129S2/SvPas,m,32894,19,89,63,346,97.2,78.8,,178,14.4,,,,,,,2.50,676,9,117,99.8,0.250,,1,18.4,,,5.74,5,151,4.40,4.30,,119,54.6,
129S2/SvPas,m,32895,46,104,82,432,101,84.2,,381,16.4,,,,,,,2.60,800,9.16,116,115,0.250,,,16.8,,,4.90,4.50,147,2.30,4.70,,91.7,60.6,
129S2/SvPas,m,32896,20,82,54,224,103,94.0,,168,22.2,,,,,,,2.80,780,9.20,114,127,0.250,,1.30,,,,4.84,4.60,150,3.60,4.90,,155,51.6,
129S2/SvPas,m,32897,18,94,57,186,91.8,95.9,,178,20.7,,,,,,,2.60,672,9.08,116,125,0.227,,,12.7,,,5.15,4.60,153,4,4.80,,148,57.0,
129S2/SvPas,m,33167,,,,,,,,,,,,,,,,,,,110,,,,,,,,,6.40,150,,,,,,
129S2/SvPas,m,33168,,,,,69.5,,,,,,,,,,,,,,107,,0.103,,,,,,,5.40,145,,,,,54.6,
129S2/SvPas,m,33169,,,,,,,,,,,,,,,,,,,105,,0.108,,,,,,,5.20,144,,,,,57.0,
129S2/SvPas,m,33170,,,,,,,,,,,,,,,,,,,58,,,,,,,,,2.80,,,,,,,
129S2/SvPas,m,33214,,,,38,123,,,,,,,,,,,,3068,8,107,124,0.272,38,,,,,4.96,4.60,156,,5.80,148,255,71.4,1
129S2/SvPas,m,33215,,,,172,175,,,,,,,,,,,,2760,8,109,128,0.306,40.6,,,,,4.34,4.80,152,,5,158,265,70.8,1.40
129S2/SvPas,m,33216,,,,152,180,,,,,,,,,,,,2782,7.20,113,119,0.288,36.8,,,,,4.34,4.80,154,,5.20,154,143,73.2,1.80
129S2/SvPas,m,33217,,,,18,182,,,,,,,,,,,,2828,8,111,134,0.322,29,,,,,3.72,4.60,156,,6,157,213,68.4,1.40
129S2/SvPas,m,33218,,,,18,157,,,,,,,,,,,,2834,8,110,122,0.306,39.8,,,,,4.34,4.60,154,,5.20,152,236,71.4,1
129S2/SvPas,m,33219,,,,36,139,,,,,,,,,,,,2990,8,110,140,0.322,39.8,,,,,4.96,4.60,154,,5.80,158,281,69.6,1.40
129S2/SvPas,m,33220,,,,68,175,,,,,,,,,,,,2740,7.20,108,135,0.272,36,,,,,4.34,5,150,,5.20,150,305,67.8,2.20
129S2/SvPas,m,33221,,,,32,184,,,,,,,,,,,,2826,8,111,133,0.322,36,,,,,4.34,5.40,156,,5.20,151,286,63.0,1.40
129S2/SvPas,m,33222,,,,12,196,,,,,,,,,,,,2570,7.20,108,113,0.288,37.6,,,,,3.72,4.40,148,,4.80,143,194,57.4,1.80
129S2/SvPas,m,33223,,,,8,185,,,,,,,,,,,,2410,8,110,124,0.288,33.2,,,,,3.72,4,152,,5.40,156,238,69.6,1.40
129S2/SvPas,m,33224,,,,32,135,,,,,,,,,,,,2326,6.40,98.6,99.1,0.253,26.6,,,,,4.34,4,136,,4.40,138,182,82.8,1.80
129S2/SvPas,m,33225,,,,68,156,,,,,,,,,,,,2564,8,113,131,0.288,29.8,,,,,4.34,5,156,,5.20,153,196,53.8,1.40
129S2/SvPas,m,33226,,,,36,189,,,,,,,,,,,,2406,8,112,134,0.322,36.8,,,,,4.34,4.60,154,,5.80,157,186,61.8,1
129S2/SvPas,m,33227,,,,50,227,,,,,,,,,,,,2446,8,111,112,0.340,39.8,,,,,3.72,4.80,152,,5.20,155,109,53.4,2.20
129S2/SvPas,m,33228,,,,12,169,,,,,,,,,,,,2562,8,113,118,0.272,32.8,,,,,4.34,4.40,154,,5.20,152,179,55.2,1.80
129S2/SvPas,m,33656,,,,,,,16,,,15.5,31.7,49,1109,10.3,4,,,,,,,,,,,,,,,,,,,,
129S2/SvPas,m,33657,,,,,,,16.4,,,16.1,32.7,49.3,1075,10.2,5.90,,,,,,,,,,,,,,,,,,,,
129S2/SvPas,m,33658,,,,,,,17,,,15.5,32.4,47.9,1301,10.9,6,,,,,,,,,,,,,,,,,,,,
129S2/SvPas,m,33659,,,,,,,15.9,,,15.6,32,48.8,1117,10.2,3.40,,,,,,,,,,,,,,,,,,,,
129S2/SvPas,m,33660,,,,,,,16,,,15.7,32.3,48.7,1099,10.2,3.80,,,,,,,,,,,,,,,,,,,,
129S2/SvPas,m,33661,,,,,,,16.9,,,16.1,32.9,48.9,1196,10.5,5,,,,,,,,,,,,,,,,,,,,
129S2/SvPas,m,33662,,,,,,,16.3,,,16.4,33.7,48.6,1179,9.97,5.10,,,,,,,,,,,,,,,,,,,,
129S2/SvPas,m,33663,,,,,,,15.8,,,16.1,33.1,48.6,1119,9.82,5.70,,,,,,,,,,,,,,,,,,,,
129S2/SvPas,m,33664,,,,,,,17,,,17.3,33.2,52,1145,9.82,5.50,,,,,,,,,,,,,,,,,,,,
129S2/SvPas,m,33665,,,,,,,17.6,,,16.4,32.9,49.8,1207,10.7,8.90,,,,,,,,,,,,,,,,,,,,
129S2/SvPas,m,33666,,,,,,,17.8,,,15.9,32.3,49.3,1362,11.2,5.40,,,,,,,,,,,,,,,,,,,,
129S2/SvPas,m,33667,,,,,,,15.6,,,15.9,33.3,47.3,1233,9.83,4.50,,,,,,,,,,,,,,,,,,,,
129S2/SvPas,m,33668,,,,,,,18.5,,,16.6,34.1,48.5,1163,11.2,6.10,,,,,,,,,,,,,,,,,,,,
129S2/SvPas,m,33669,,,,,,,17.2,,,16.5,31.8,51.9,1060,10.4,4.80,,,,,,,,,,,,,,,,,,,,
129S2/SvPas,m,33670,,,,,,,15.9,,,16.7,33.8,49.5,1177,9.48,3.30,,,,,,,,,,,,,,,,,,,,
129S2/SvPas,m,33671,,,,,,,17.2,,,15.8,33.1,47.7,1215,10.9,6.10,,,,,,,,,,,,,,,,,,,,
129S2/SvPas,m,33672,,,,,,,15.2,,,15.9,33,48,1078,9.56,3.90,,,,,,,,,,,,,,,,,,,,
129S2/SvPas,m,33673,,,,,,,16.3,,,15.8,33.3,47.4,1194,10.3,3.60,,,,,,,,,,,,,,,,,,,,
129S2/SvPas,m,33674,,,,,,,16.2,,,16.5,34.5,47.8,1113,9.83,4.30,,,,,,,,,,,,,,,,,,,,
129S2/SvPas,m,33675,,,,,,,16.2,,,16.2,33.8,48,1166,9.97,5,,,,,,,,,,,,,,,,,,,,
129X1/SvJ,f,33774,,,,,,,15.8,,,17.1,33.5,51,676,9.21,7.20,,,,,,,,,,,,,,,,,,,,
129X1/SvJ,f,33775,,,,,,,14.2,,,16.2,32.3,50,504,8.72,4.50,,,,,,,,,,,,,,,,,,,,
129X1/SvJ,f,33776,,,,,,,16.7,,,16.6,33.4,50,537,10,6.56,,,,,,,,,,,,,,,,,,,,
129X1/SvJ,f,33777,,,,,,,16.5,,,16.1,32.5,50,519,10.2,5.98,,,,,,,,,,,,,,,,,,,,
129X1/SvJ,f,33778,,,,,,,16.5,,,16.4,32.8,50,590,10,6.45,,,,,,,,,,,,,,,,,,,,
129X1/SvJ,f,33779,,,,,,,16.6,,,16.4,32.8,50,598,10.1,6.36,,,,,,,,,,,,,,,,,,,,
129X1/SvJ,f,33780,,,,,,,16.8,,,16,32,50,544,10.5,6.67,,,,,,,,,,,,,,,,,,,,
129X1/SvJ,f,33781,,,,,,,16.5,,,16.5,33.3,50,522,10,6.22,,,,,,,,,,,,,,,,,,,,
129X1/SvJ,f,33782,,,,,,,16.8,,,16.4,32.8,50,535,10.2,6.06,,,,,,,,,,,,,,,,,,,,
129X1/SvJ,f,33783,,,,,,,16.7,,,16.4,32.4,51,531,10.2,5.40,,,,,,,,,,,,,,,,,,,,
129X1/SvJ,f,33784,,,,,,,16.3,,,16.4,32.9,50,543,9.93,6.54,,,,,,,,,,,,,,,,,,,,
129X1/SvJ,f,33785,,,,,,,16.5,,,16,32.2,50,524,10.3,5.54,,,,,,,,,,,,,,,,,,,,
129X1/SvJ,f,33786,,,,,,,17.2,,,16.3,32.6,50,504,10.5,7.85,,,,,,,,,,,,,,,,,,,,
129X1/SvJ,f,33787,,,,,,,18.4,,,17.2,34.4,50,503,10.7,6.42,,,,,,,,,,,,,,,,,,,,
129X1/SvJ,f,33788,,,,,,,16.9,,,16.2,32.4,50,610,10.5,6.40,,,,,,,,,,,,,,,,,,,,
129X1/SvJ,f,33789,,,,,,,,,,,,,,,,,,,,,,,,,4.20,1.20,,,,,,,,,
129X1/SvJ,f,33790,,,,,,,,,,,,,,,,,,,,,,,,,2.40,0.700,,,,,,,,,
129X1/SvJ,f,33791,,,,,,,,,,,,,,,,,,,,,,,,,3.70,1,,,,,,,,,
129X1/SvJ,f,33792,,,,,,,,,,,,,,,,,,,,,,,,,3.60,0.800,,,,,,,,,
129X1/SvJ,f,33793,,,,,,,,,,,,,,,,,,,,,,,,,3.80,0.900,,,,,,,,,
129X1/SvJ,f,33794,,,,,,,,,,,,,,,,,,,,,,,,,3.30,1.10,,,,,,,,,
129X1/SvJ,f,33795,,,,,,,,,,,,,,,,,,,,,,,,,4,1,,,,,,,,,
129X1/SvJ,f,33796,,,,,,,,,,,,,,,,,,,,,,,,,3.40,0.900,,,,,,,,,
129X1/SvJ,f,33797,,,,,,,,,,,,,,,,,,,,,,,,,3.40,0.900,,,,,,,,,
129X1/SvJ,f,33798,,,,,,,,,,,,,,,,,,,,,,,,,2.80,0.700,,,,,,,,,
129X1/SvJ,f,33799,,,,,,,,,,,,,,,,,,,,,,,,,3.90,1,,,,,,,,,
129X1/SvJ,f,33800,,,,,,,,,,,,,,,,,,,,,,,,,3.30,0.800,,,,,,,,,
129X1/SvJ,f,33801,,,,,,,,,,,,,,,,,,,,,,,,,5.20,1,,,,,,,,,
129X1/SvJ,f,33802,,,,,,,,,,,,,,,,,,,,,,,,,3.80,0.900,,,,,,,,,
129X1/SvJ,f,33803,,,,,,,,,,,,,,,,,,,,,,,,,3.50,0.900,,,,,,,,,
129X1/SvJ,m,33804,,,,,,,17.4,,,15.7,32.6,48,620,11.1,6.08,,,,,,,,,,,,,,,,,,,,
129X1/SvJ,m,33805,,,,,,,16.4,,,15.7,32.4,49,566,10.4,8.29,,,,,,,,,,,,,,,,,,,,
129X1/SvJ,m,33806,,,,,,,17.4,,,15.8,32.6,48,534,11,5.83,,,,,,,,,,,,,,,,,,,,
129X1/SvJ,m,33807,,,,,,,18.3,,,16.2,33,49,661,11.3,6.66,,,,,,,,,,,,,,,,,,,,
129X1/SvJ,m,33808,,,,,,,17.2,,,15.8,32.5,49,599,10.8,6.45,,,,,,,,,,,,,,,,,,,,
129X1/SvJ,m,33809,,,,,,,18.1,,,16,32.9,49,523,11.3,6.56,,,,,,,,,,,,,,,,,,,,
129X1/SvJ,m,33810,,,,,,,17.8,,,15.5,31.8,49,618,11.5,7.80,,,,,,,,,,,,,,,,,,,,
129X1/SvJ,m,33811,,,,,,,18.8,,,15.7,32.6,48,553,12,4.97,,,,,,,,,,,,,,,,,,,,
129X1/SvJ,m,33812,,,,,,,18.6,,,15.3,32,48,602,12.1,4.90,,,,,,,,,,,,,,,,,,,,
129X1/SvJ,m,33813,,,,,,,17.8,,,16.2,33,49,514,11,5.11,,,,,,,,,,,,,,,,,,,,
129X1/SvJ,m,33814,,,,,,,18.3,,,15.8,32.1,49,516,11.6,7.07,,,,,,,,,,,,,,,,,,,,
129X1/SvJ,m,33815,,,,,,,18.3,,,15.6,32.1,49,475,11.7,5.88,,,,,,,,,,,,,,,,,,,,
129X1/SvJ,m,33816,,,,,,,18.3,,,16.1,33.1,49,522,11.4,4.52,,,,,,,,,,,,,,,,,,,,
129X1/SvJ,m,33817,,,,,,,19.7,,,15.4,32.2,48,572,12.8,5.45,,,,,,,,,,,,,,,,,,,,
129X1/SvJ,m,33818,,,,,,,19.9,,,16.1,32.9,49,554,12.3,5.18,,,,,,,,,,,,,,,,,,,,
129X1/SvJ,m,33819,,,,,,,,,,,,,,,,,,,,,,,,,3.90,0.700,,,,,,,,,
129X1/SvJ,m,33820,,,,,,,,,,,,,,,,,,,,,,,,,5.20,1,,,,,,,,,
129X1/SvJ,m,33821,,,,,,,,,,,,,,,,,,,,,,,,,3.40,0.800,,,,,,,,,
129X1/SvJ,m,33822,,,,,,,,,,,,,,,,,,,,,,,,,4.30,0.800,,,,,,,,,
129X1/SvJ,m,33823,,,,,,,,,,,,,,,,,,,,,,,,,4.10,0.700,,,,,,,,,
129X1/SvJ,m,33824,,,,,,,,,,,,,,,,,,,,,,,,,4,0.900,,,,,,,,,
129X1/SvJ,m,33825,,,,,,,,,,,,,,,,,,,,,,,,,4.90,0.900,,,,,,,,,
129X1/SvJ,m,33826,,,,,,,,,,,,,,,,,,,,,,,,,2.80,0.600,,,,,,,,,
129X1/SvJ,m,33827,,,,,,,,,,,,,,,,,,,,,,,,,2.90,0.500,,,,,,,,,
129X1/SvJ,m,33828,,,,,,,,,,,,,,,,,,,,,,,,,3,0.700,,,,,,,,,
129X1/SvJ,m,33829,,,,,,,,,,,,,,,,,,,,,,,,,4.80,0.700,,,,,,,,,
129X1/SvJ,m,33830,,,,,,,,,,,,,,,,,,,,,,,,,4,0.600,,,,,,,,,
129X1/SvJ,m,33831,,,,,,,,,,,,,,,,,,,,,,,,,2.80,0.600,,,,,,,,,
129X1/SvJ,m,33832,,,,,,,,,,,,,,,,,,,,,,,,,2.70,0.700,,,,,,,,,
129X1/SvJ,m,33833,,,,,,,,,,,,,,,,,,,,,,,,,2.90,0.700,,,,,,,,,
BALB/cAnNCrl,f,33137,,,,,143,,,,,,,,,,,3.37,,9.04,113,135,0.398,,,,,,8.18,8.70,148,,5.62,,69.4,59.4,
BALB/cAnNCrl,f,33138,,,,,127,,,,,,,,,,,2.77,,8.20,112,111,0.341,,,,,,7.78,7.60,154,,4.85,,68.5,50.4,
BALB/cAnNCrl,f,33139,,,,,152,,,,,,,,,,,3.35,,8.72,110,135,0.295,,,,,,8.09,8.60,146,,5.55,,59.6,60.6,
BALB/cAnNCrl,f,33140,,,,,131,,,,,,,,,,,3.33,,8.68,112,120,0.420,,,,,,8.12,7.50,149,,5.50,,68.5,62.4,
BALB/cAnNCrl,f,33141,,,,,120,,,,,,,,,,,2.42,,8.36,111,,0.364,,,,,,9.24,9.50,146,,5.25,,,52.2,
BALB/cAnNCrl,f,33142,,,,,,,,,,,,,,,,,,,116,,,,,,,,,,152,,,,,,
BALB/cAnNCrl,f,33143,,,,,102,,,,,,,,,,,,,,114,,0.330,,,,,,,9.50,150,,,,,56.4,
BALB/cAnNCrl,f,33144,,,,,126,,,,,,,,,,,3.15,,9.12,112,126,0.318,,,,,,7.69,8.80,149,,5.28,,60.5,52.2,
BALB/cAnNCrl,f,33145,,,,,111,,,,,,,,,,,3.14,,8.36,111,78.8,0.318,,,,,,8.15,8.30,150,,5.10,,70.3,69.0,
BALB/cAnNCrl,f,33146,,,,,148,,,,,,,,,,,,,,112,,,,,,,,,9.10,146,,,,,60.0,
BALB/cAnNCrl,m,33127,,,,,112,,,,,,,,,,,,,,109,,0.375,,,,,,,8.80,149,,,,,60.6,
BALB/cAnNCrl,m,33128,,,,,149,,,,,,,,,,,3.11,,9.04,109,123,0.330,,,,,,8.34,8.40,144,,5.27,,60.5,52.8,
BALB/cAnNCrl,m,33129,,,,,140,,,,,,,,,,,,,,111,,0.386,,,,,,8.34,9.40,148,,,,,49.2,
BALB/cAnNCrl,m,33130,,,,,239,,,,,,,,,,,3.08,,8.80,111,101,0.341,,,,,,6.17,8.10,149,,5.16,,35.6,59.4,
BALB/cAnNCrl,m,33131,,,,,248,,,,,,,,,,,,,8.64,111,,0.341,,,,,,,8.40,153,,,,,49.2,
BALB/cAnNCrl,m,33132,,,,,178,,,,,,,,,,,3.23,,8.72,110,102,0.341,,,,,,10.3,7.60,150,,5.27,,72.1,58.8,
BALB/cAnNCrl,m,33133,,,,,154,,,,,,,,,,,,,5.24,111,,0.375,,,,,,7.44,9.10,148,,,,,49.8,
BALB/cAnNCrl,m,33134,,,,,96.7,,,,,,,,,,,3.46,,8.68,114,85.4,0.386,,,,,,6.11,8.50,151,,5.22,,65.0,59.4,
BALB/cAnNCrl,m,33135,,,,,76.5,,,,,,,,,,,3.09,,8.40,110,,0.273,,,,,,7.13,8.80,146,,5.22,,,55.2,
BALB/cAnNCrl,m,33136,,,,,94.7,,,,,,,,,,,3.61,,9,109,98.7,0.330,,,,,,3.78,8.50,147,,5.68,,130,61.2,
BALB/cAnNCrl,m,33147,,,,,114,,,,,,,,,,,,,9.72,108,,0.307,,,,,,7.38,6.90,147,,5.73,,,41.4,
BALB/cAnNCrl,m,33148,,,,,115,,,,,,,,,,,,,,109,,0.295,,,,,,,6.90,147,,,,,41.4,
BALB/cAnNCrl,m,33149,,,,,136,,,,,,,,,,,3.43,,9.80,112,75.3,0.386,,,,,,5.61,7.90,148,,5.75,,67.6,51.0,
BALB/cAnNCrl,m,33150,,,,,134,,,,,,,,,,,,,9.80,111,,0.307,,,,,,6.57,8.80,146,,5.88,,,53.4,
BALB/cAnNCrl,m,33151,,,,,133,,,,,,,,,,,3.60,,9.84,109,126,0.341,,,,,,,8.70,146,,6.14,,70.3,50.4,
BALB/cAnNCrl,m,33152,,,,,161,,,,,,,,,,,,,,113,,0.375,,,,,,,9.10,147,,,,,74.4,
BALB/cAnNCrl,m,33153,,,,,160,,,,,,,,,,,,,,111,,,,,,,,5.83,9.10,146,,,,,43.2,
BALB/cAnNCrl,m,33154,,,,,,,,,,,,,,,,,,,109,,,,,,,,,9.10,145,,,,,,
BALB/cAnNCrl,m,33155,,,,,146,,,,,,,,,,,,,,112,,0.307,,,,,,,7.80,149,,,,,55.2,
BALB/cAnNCrl,m,33156,,,,,,,,,,,,,,,,,,,114,,,,,,,,,8.90,152,,,,,,
BALB/cAnPt,f,33834,,,,,,,12.6,,,16.1,32.7,49,428,7.87,2.10,,,,,,,,,,,,,,,,,,,,
BALB/cAnPt,f,33835,,,,,,,17.3,,,15.6,31.4,50,749,11.1,4.20,,,,,,,,,,,,,,,,,,,,
BALB/cAnPt,f,33836,,,,,,,17.3,,,17.1,35.1,49,480,10.1,4.10,,,,,,,,,,,,,,,,,,,,
BALB/cAnPt,f,33837,,,,,,,16.8,,,15.9,32.7,49,483,10.6,5.20,,,,,,,,,,,,,,,,,,,,
BALB/cAnPt,f,33838,,,,,,,16.4,,,15.6,32.2,48,668,10.5,3.80,,,,,,,,,,,,,,,,,,,,
BALB/cAnPt,f,33839,,,,,,,16.1,,,15.9,32.6,49,722,10.1,6.30,,,,,,,,,,,,,,,,,,,,
BALB/cAnPt,f,33840,,,,,,,17.5,,,15.5,31.6,49,586,11.3,4,,,,,,,,,,,,,,,,,,,,
BALB/cAnPt,f,33841,,,,,,,16,,,15.5,32.3,48,768,10.3,6.60,,,,,,,,,,,,,,,,,,,,
BALB/cAnPt,f,33842,,,,,,,15.2,,,15.5,31.1,50,769,9.83,7.40,,,,,,,,,,,,,,,,,,,,
BALB/cAnPt,f,33843,,,,,,,7.60,,,16,34.1,47,157,4.73,1.10,,,,,,,,,,,,,,,,,,,,
BALB/cAnPt,f,33844,,,,,,,16.1,,,15.7,32.3,49,537,10.2,2.70,,,,,,,,,,,,,,,,,,,,
BALB/cAnPt,f,33845,,,,,,,16.9,,,15.4,31.7,48,612,11,4.60,,,,,,,,,,,,,,,,,,,,
BALB/cAnPt,f,33846,,,,,,,16.1,,,15.2,31.8,48,603,10.6,2,,,,,,,,,,,,,,,,,,,,
BALB/cAnPt,f,33847,,,,,,,13.5,,,16,32.7,49,554,8.42,2,,,,,,,,,,,,,,,,,,,,
BALB/cAnPt,f,33848,,,,,,,16.2,,,15.4,32,48,575,10.6,4.40,,,,,,,,,,,,,,,,,,,,
BALB/cAnPt,f,33849,,,,,,,,,,,,,,,,,,,,,,,,,1.10,0.200,,,,,,,,,
BALB/cAnPt,f,33850,,,,,,,,,,,,,,,,,,,,,,,,,2.30,0.500,,,,,,,,,
BALB/cAnPt,f,33851,,,,,,,,,,,,,,,,,,,,,,,,,2.40,0.300,,,,,,,,,
BALB/cAnPt,f,33852,,,,,,,,,,,,,,,,,,,,,,,,,3.20,0.400,,,,,,,,,
BALB/cAnPt,f,33853,,,,,,,,,,,,,,,,,,,,,,,,,2.30,0.300,,,,,,,,,
BALB/cAnPt,f,33854,,,,,,,,,,,,,,,,,,,,,,,,,4.50,0.500,,,,,,,,,
BALB/cAnPt,f,33855,,,,,,,,,,,,,,,,,,,,,,,,,2.40,0.300,,,,,,,,,
BALB/cAnPt,f,33856,,,,,,,,,,,,,,,,,,,,,,,,,4.30,0.400,,,,,,,,,
BALB/cAnPt,f,33857,,,,,,,,,,,,,,,,,,,,,,,,,4.60,0.700,,,,,,,,,
BALB/cAnPt,f,33858,,,,,,,,,,,,,,,,,,,,,,,,,0.600,0.100,,,,,,,,,
BALB/cAnPt,f,33859,,,,,,,,,,,,,,,,,,,,,,,,,1.40,0.300,,,,,,,,,
BALB/cAnPt,f,33860,,,,,,,,,,,,,,,,,,,,,,,,,2.90,0.400,,,,,,,,,
BALB/cAnPt,f,33861,,,,,,,,,,,,,,,,,,,,,,,,,1,0.100,,,,,,,,,
BALB/cAnPt,f,33862,,,,,,,,,,,,,,,,,,,,,,,,,1.10,0.200,,,,,,,,,
BALB/cAnPt,f,33863,,,,,,,,,,,,,,,,,,,,,,,,,2.60,0.400,,,,,,,,,
BALB/cAnPt,m,33864,,,,,,,17.4,,,14.8,31.3,47,742,11.8,8.60,,,,,,,,,,,,,,,,,,,,
BALB/cAnPt,m,33865,,,,,,,18.1,,,15.3,32.5,47,752,11.8,4.80,,,,,,,,,,,,,,,,,,,,
BALB/cAnPt,m,33866,,,,,,,17.1,,,15.4,32.4,47,738,11.1,5.20,,,,,,,,,,,,,,,,,,,,
BALB/cAnPt,m,33867,,,,,,,17.1,,,15.2,31.8,48,738,11.2,5.60,,,,,,,,,,,,,,,,,,,,
BALB/cAnPt,m,33868,,,,,,,11.1,,,16,34.6,46,574,6.96,2.70,,,,,,,,,,,,,,,,,,,,
BALB/cAnPt,m,33869,,,,,,,17.3,,,15.4,31.9,48,694,11.2,6.10,,,,,,,,,,,,,,,,,,,,
BALB/cAnPt,m,33870,,,,,,,17.4,,,15,31.5,48,760,11.6,4.80,,,,,,,,,,,,,,,,,,,,
BALB/cAnPt,m,33871,,,,,,,16.7,,,15.2,31.3,48,716,11,4.60,,,,,,,,,,,,,,,,,,,,
BALB/cAnPt,m,33872,,,,,,,17.3,,,15.2,31.4,48,722,11.4,4.50,,,,,,,,,,,,,,,,,,,,
BALB/cAnPt,m,33873,,,,,,,18.3,,,15.8,33.2,48,888,11.6,5,,,,,,,,,,,,,,,,,,,,
BALB/cAnPt,m,33874,,,,,,,16.7,,,14.9,30.6,49,778,11.2,5.40,,,,,,,,,,,,,,,,,,,,
BALB/cAnPt,m,33875,,,,,,,18.4,,,15.2,31.9,48,700,12.1,3.10,,,,,,,,,,,,,,,,,,,,
BALB/cAnPt,m,33876,,,,,,,18.7,,,15.5,33,47,738,12,4.90,,,,,,,,,,,,,,,,,,,,
BALB/cAnPt,m,33877,,,,,,,18.1,,,15.1,31.9,47,772,12,6.40,,,,,,,,,,,,,,,,,,,,
BALB/cAnPt,m,33878,,,,,,,18.1,,,15.2,31.8,48,769,11.9,5.20,,,,,,,,,,,,,,,,,,,,
BALB/cAnPt,m,33879,,,,,,,,,,,,,,,,,,,,,,,,,5.40,0.800,,,,,,,,,
BALB/cAnPt,m,33880,,,,,,,,,,,,,,,,,,,,,,,,,3.10,0.400,,,,,,,,,
BALB/cAnPt,m,33881,,,,,,,,,,,,,,,,,,,,,,,,,3.40,0.400,,,,,,,,,
BALB/cAnPt,m,33882,,,,,,,,,,,,,,,,,,,,,,,,,3.20,0.500,,,,,,,,,
BALB/cAnPt,m,33883,,,,,,,,,,,,,,,,,,,,,,,,,1.70,0.200,,,,,,,,,
BALB/cAnPt,m,33884,,,,,,,,,,,,,,,,,,,,,,,,,3.60,0.500,,,,,,,,,
BALB/cAnPt,m,33885,,,,,,,,,,,,,,,,,,,,,,,,,2.60,0.500,,,,,,,,,
BALB/cAnPt,m,33886,,,,,,,,,,,,,,,,,,,,,,,,,2.30,0.400,,,,,,,,,
BALB/cAnPt,m,33887,,,,,,,,,,,,,,,,,,,,,,,,,2.50,0.400,,,,,,,,,
BALB/cAnPt,m,33888,,,,,,,,,,,,,,,,,,,,,,,,,3.10,0.400,,,,,,,,,
BALB/cAnPt,m,33889,,,,,,,,,,,,,,,,,,,,,,,,,2.90,0.600,,,,,,,,,
BALB/cAnPt,m,33890,,,,,,,,,,,,,,,,,,,,,,,,,1.80,0.300,,,,,,,,,
BALB/cAnPt,m,33891,,,,,,,,,,,,,,,,,,,,,,,,,3.10,0.400,,,,,,,,,
BALB/cAnPt,m,33892,,,,,,,,,,,,,,,,,,,,,,,,,4,0.500,,,,,,,,,
BALB/cAnPt,m,33893,,,,,,,,,,,,,,,,,,,,,,,,,3,0.500,,,,,,,,,
BALB/cJ,f,32660,91,152,216,,140,71.0,,770,17.6,,,,,,,2.80,643,9.16,112,101,0.295,,1.24,,,,7.38,4.60,148,1.60,5.40,,201,67.8,
BALB/cJ,f,32661,25,152,47,149,139,68.6,,206,16.4,,,,,,,2.80,665,9.44,114,95.5,0.295,,1.33,,,,7.63,4.20,148,2.80,4.80,,183,58.8,
BALB/cJ,f,32662,38,144,245,3079,124,74.1,,890,19.1,,,,,,,2.90,573,9.40,116,106,0.295,,1.49,,,,6.94,5,149,1.70,5,,231,70.8,
BALB/cJ,f,32663,34,154,81,582,99,71.4,,298,19.9,,,,,,,2.90,670,9.40,111,100,0.295,,2.01,,,,7.47,3.60,146,2.90,4.90,,265,47.4,
BALB/cJ,f,32664,344,173,725,1822,86.4,78,,2982,,,,,,,,3,559,9.12,112,112,0.307,,,,,,7.87,6,147,,5,,177,66.6,
BALB/cJ,f,32665,81,158,294,2470,63,71.4,,885,25.7,,,,,,,2.80,,9.60,113,105,0.250,,,21.3,,,6.36,5.10,148,0.400,4.60,,309,28.8,
BALB/cJ,f,32666,22,133,66,401,82.8,75.7,,266,23.8,,,,,,,2.80,,9.72,115,103,0.261,,2.95,23.6,,,5.89,4.40,150,2,5.10,,256,29.4,
BALB/cJ,f,32667,50,120,289,4640,39.6,71.4,,1006,26.1,,,,,,,3,,9.60,109,105,0.295,,,19.1,,,5.15,4,148,,4.90,,380,27.6,
BALB/cJ,f,32668,81,132,294,4015,66.6,79.2,,951,22.2,,,,,,,2.80,,9.08,113,110,0.250,,2.53,20.6,,,5.52,4.60,148,,5.20,,358,24.6,
BALB/cJ,f,32669,56,142,345,4093,48.6,80.3,,1076,26.9,,,,,,,2.80,,9.52,114,110,0.261,,,20.8,,,7.94,5.80,149,,5.10,,288,23.4,
BALB/cJ,f,32670,129,116,275,,52.2,,,1030,,,,,,,,2.80,647,,116,97.5,0.250,,,20.7,,,,4.60,150,1.20,,,292,,
BALB/cJ,f,32671,53,136,142,1505,59.4,79.6,,525,,,,,,,,3,811,,113,115,0.284,,,22.8,,,,4.40,148,1.60,,,384,,
BALB/cJ,f,32672,35,128,84,531,41.4,74.9,,352,,,,,,,,2.90,690,9.28,114,107,0.284,,,23.2,,,3.97,4.30,149,2.20,5.10,,295,33.6,
BALB/cJ,f,32673,43,129,66,192,57.6,70.2,,360,25.0,,,,,,,2.90,684,9.24,116,101,0.284,,1.69,21.1,,,4.46,4.30,149,1.90,5.60,,418,26.4,
BALB/cJ,f,32674,129,116,554,1026,70.2,80.3,,1722,25.4,,,,,,,2.80,816,9.36,113,114,0.295,,,22.2,,,5.46,5,148,,5.10,,381,33.6,
BALB/cJ,f,32675,81,80,203,3042,79.2,55.0,,880,17.9,,,,,,,2.50,490,7.76,100,75.7,0.250,,1.51,20.7,,,5.80,4.20,140,,4.20,,90.8,39.0,
BALB/cJ,f,32676,43,69,98,598,148,54.2,,474,26.1,,,,,,,,479,,104,83.8,,,1.16,14.8,,,5.02,4.40,142,0.700,5,,,86.4,
BALB/cJ,f,32677,156,88,494,,72,,,1413,,,,,,,,,1160,,112,97.5,,,,18.5,,,,5.50,152,0.800,,,61.4,,
BALB/cJ,f,32678,186,95,84,215,95.4,56.2,,713,14.8,,,,,,,2.90,744,8.20,110,77.6,0.341,,1.45,19.8,,,4.31,4.60,154,2.10,5.70,,134,44.4,
BALB/cJ,f,32679,102,80,109,829,63,54.6,,657,14.4,,,,,,,2.80,528,8.08,110,72.2,0.273,,1.08,20.2,,,5.74,4.40,154,2.30,4.60,,,48.0,
BALB/cJ,f,33229,,184,,194,74.5,,,,,,,,,,,,2574,8,115,69.4,0.267,69.8,,,,,4.96,4.80,160,,5.80,162,109,41.0,2.40
BALB/cJ,f,33230,,168,,256,110,,,,,,,,,,,,2418,8,115,74.5,0.282,57.8,,,,,4.34,4.80,158,,5,158,141,48.6,2.40
BALB/cJ,f,33231,,188,,560,75.8,,,,,,,,,,,,2666,8,114,71.4,0.282,67.6,,,,,4.96,4.60,158,,5.20,165,117,50.0,1.40
BALB/cJ,f,33232,,172,,316,84.4,,,,,,,,,,,,2338,8,114,76.8,0.267,70.8,,,,,4.34,5,160,,5.20,159,149,41.4,3.20
BALB/cJ,f,33233,,150,,288,96.5,,,,,,,,,,,,2494,8,116,80.3,0.267,66.2,,,,,4.96,5.20,160,,5.40,164,91.7,40.6,4.60
BALB/cJ,f,33234,,132,,120,97.9,,,,,,,,,,,,2644,8,115,87.4,0.251,82.4,,,,,5.58,5.80,158,,5.40,164,149,52.6,6.80
BALB/cJ,f,33235,,178,,218,121,,,,,,,,,,,,2590,8.80,115,85.0,0.267,91.2,,,,,5.58,4.40,160,,5.20,170,148,45.6,3.60
BALB/cJ,f,33236,,148,,202,113,,,,,,,,,,,,2508,8.80,114,86.6,0.251,103,,,,,4.96,5.60,160,,5.40,169,180,56.2,4.60
BALB/cJ,f,33237,,192,,214,124,,,,,,,,,,,,2388,8,114,86.2,0.314,58.2,,,,,4.34,4.60,160,,5.20,160,152,42.4,2.40
BALB/cJ,f,33238,,152,,492,97.0,,,,,,,,,,,,2150,8,114,85.4,0.267,92.6,,,,,4.96,5.60,158,,5.40,168,135,42.0,5.80
BALB/cJ,f,33239,,212,,146,70.0,,,,,,,,,,,,2404,8,117,78.8,0.298,55,,,,,4.34,4.20,160,,5.40,167,152,44.8,2.20
BALB/cJ,f,33240,,188,,18,60.5,,,,,,,,,,,,2886,8,114,82.7,0.298,79.6,,,,,4.34,4.40,160,,5.20,165,138,43.6,1.40
BALB/cJ,f,33241,,196,,14,67.0,,,,,,,,,,,,2424,8,114,88.1,0.314,53,,,,,4.34,4,160,,5.20,161,196,32.0,2.20
BALB/cJ,f,33242,,200,,36,70.4,,,,,,,,,,,,2508,8,115,82.3,0.298,61,,,,,4.34,4,160,,5,159,168,34.6,1.80
BALB/cJ,f,33243,,194,,166,89.6,,,,,,,,,,,,2504,8.80,120,82.3,0.345,88,,,,,4.34,5,164,,5.20,165,181,40.2,3.20
BALB/cJ,f,33339,,,,,,,14.8,,,15.7,32.8,47.8,1295,9.46,9.90,,,,,,,,,,,,,,,,,,,,
BALB/cJ,f,33340,,,,,,,15.1,,,15.9,32.9,48.2,1145,9.50,11.4,,,,,,,,,,,,,,,,,,,,
BALB/cJ,f,33341,,,,,,,15.4,,,15.8,33.2,47.6,1269,9.76,9.30,,,,,,,,,,,,,,,,,,,,
BALB/cJ,f,33342,,,,,,,15.4,,,16,33.1,48.3,1348,9.61,10.1,,,,,,,,,,,,,,,,,,,,
BALB/cJ,f,33343,,,,,,,14.8,,,16,33,48.7,1266,9.24,5.60,,,,,,,,,,,,,,,,,,,,
BALB/cJ,f,33344,,,,,,,14.8,,,15.8,33,48,1158,9.36,10.5,,,,,,,,,,,,,,,,,,,,
BALB/cJ,f,33345,,,,,,,15.2,,,16.5,34.2,48.2,1221,9.20,8.80,,,,,,,,,,,,,,,,,,,,
BALB/cJ,f,33346,,,,,,,15.5,,,16.1,33.5,48,1204,9.64,10.5,,,,,,,,,,,,,,,,,,,,
BALB/cJ,f,33347,,,,,,,15.2,,,16,33.4,47.9,1277,9.54,6.10,,,,,,,,,,,,,,,,,,,,
BALB/cJ,f,33348,,,,,,,15.3,,,15.9,32.9,48.3,1164,9.59,8.50,,,,,,,,,,,,,,,,,,,,
BALB/cJ,f,33349,,,,,,,15.8,,,16.3,34,47.9,1202,9.69,8,,,,,,,,,,,,,,,,,,,,
BALB/cJ,f,33350,,,,,,,15.4,,,16,33.9,47.2,1228,9.64,4.10,,,,,,,,,,,,,,,,,,,,
BALB/cJ,f,33351,,,,,,,15.5,,,16.2,34.2,47.3,1058,9.56,11,,,,,,,,,,,,,,,,,,,,
BALB/cJ,f,33352,,,,,,,15.5,,,16.3,33.5,48.5,1308,9.51,6.40,,,,,,,,,,,,,,,,,,,,
BALB/cJ,f,33353,,,,,,,15.8,,,16.6,33.8,49,1433,9.56,4.40,,,,,,,,,,,,,,,,,,,,
BALB/cJ,f,33354,,,,,,,16.2,,,16,33,48.4,1272,10.2,8.90,,,,,,,,,,,,,,,,,,,,
BALB/cJ,f,33355,,,,,,,16.1,,,15.8,34.5,45.7,1466,10.2,10.6,,,,,,,,,,,,,,,,,,,,
BALB/cJ,f,33356,,,,,,,16.7,,,16.4,35,46.8,1400,10.2,13.2,,,,,,,,,,,,,,,,,,,,
BALB/cJ,f,33357,,,,,,,16.5,,,16,34.1,46.8,1173,10.3,10.5,,,,,,,,,,,,,,,,,,,,
BALB/cJ,f,33358,,,,,,,16.7,,,16.1,34.3,46.8,1312,10.4,11.8,,,,,,,,,,,,,,,,,,,,
BALB/cJ,m,32640,27,119,63,455,63,108,,258,24.6,,,,,,,2.70,598,9.52,112,143,0.307,,1.42,16,,,4.28,3.90,150,2.60,5.70,,335,31.2,
BALB/cJ,m,32641,30,140,57,517,86.4,95.2,,307,22.2,,,,,,,2.70,614,9.36,112,126,0.284,,1.30,20.3,,,5.05,3.50,149,2.40,5.20,,281,33.6,
BALB/cJ,m,32643,21,113,61,329,57.6,96.7,,310,21.4,,,,,,,2.90,578,9.88,112,129,0.352,,2.37,19,,,4.59,4.60,152,2.50,5.50,,360,34.2,
BALB/cJ,m,32644,26,102,58,305,61.2,103,,320,28.5,,,,,,,2.80,497,10.2,113,149,0.375,,1.99,15.6,,,5.30,4.70,152,2.50,5.60,,484,31.8,
BALB/cJ,m,32645,127,109,328,4823,70.2,76.4,,1141,20.7,,,,,,,2.80,,9.60,109,116,0.295,,2.22,18.9,,,5.12,4.50,150,0.600,5.30,,459,34.8,
BALB/cJ,m,32646,34,100,65,441,79.2,69.4,,378,25.4,,,,,,,2.50,,9.96,115,112,0.341,,3.19,20,,,6.42,4.60,150,1.40,4.80,,,22.8,
BALB/cJ,m,32647,80,108,207,3006,95.4,79.2,,843,25.4,,,,,,,2.90,,9.72,110,119,0.295,,3.05,21,,,6.88,4.30,150,0.800,5.50,,414,43.8,
BALB/cJ,m,32648,109,101,294,4579,50.4,84.6,,1272,20.7,,,,,,,2.80,,9.76,111,121,0.261,,,15.7,,,6.45,5.10,151,,5,,367,36.6,
BALB/cJ,m,32649,43,95,251,2021,55.8,80.7,,754,24.6,,,,,,,2.70,,9.36,109,122,0.284,,,19.7,,,7.94,4.80,150,0.700,4.80,,510,33.0,
BALB/cJ,m,32650,44,121,66,218,81,75.3,,276,,,,,,,,2.70,634,,111,108,0.295,,,17.9,,,5.36,3.90,149,3,5,,268,40.8,
BALB/cJ,m,32651,40,120,84,420,66.6,83.1,,301,26.9,,,,,,,2.90,739,9.84,112,112,0.273,,,15.4,,,4.59,3.90,150,2.50,5.90,,219,44.4,
BALB/cJ,m,32652,78,135,247,1511,66.6,85.4,,666,18.3,,,,,,,2.90,483,9.64,113,123,0.284,,,15.6,,,5.24,4.50,150,2,5.60,,131,74.4,
BALB/cJ,m,32653,38,125,62,129,66.6,75.3,,205,,,,,,,,2.80,611,9.44,111,103,0.273,,1.41,15.1,,,3.72,4,149,2.70,5.30,,282,41.4,
BALB/cJ,m,32654,87,119,140,1425,,,,776,22.6,,,,,,,2.60,609,,114,122,0.307,,,24.1,,,,4.80,150,1.60,,,275,,
BALB/cJ,m,32655,72,82,161,1555,39.6,120,,521,20.3,,,,,,,2.70,571,8.52,106,152,0.273,,1.28,27.4,,,6.57,4.20,154,3,5,,96.1,36.0,
BALB/cJ,m,32656,187,89,226,2309,48.6,96.7,,1069,19.5,,,,,,,2.50,739,7.80,108,126,0.341,,1.15,21.1,,,5.95,4.70,150,2.10,4.40,,,61.2,
BALB/cJ,m,32657,44,98,75,180,36,106,,397,22.6,,,,,,,2.70,605,8.44,110,136,0.466,,1.45,23.8,,,5.80,3.70,152,2.90,5.80,,117,36.0,
BALB/cJ,m,32658,55,83,122,886,,119,,578,23.4,,,,,,,2.70,491,8.64,106,154,0.295,,2.10,29,,,5.70,4.10,152,3.40,5,,157,30.6,
BALB/cJ,m,32659,47,95,109,863,43.2,112,,470,23.4,,,,,,,2.80,601,8.44,106,145,0.318,,2.13,28.3,,,5.70,4,152,4,5.80,,172,42.0,
BALB/cJ,m,33244,,154,,262,67.1,,,,,,,,,,,,2870,8,113,102,0.298,69,,,,,4.96,4,160,,5.40,161,190,52.8,1
BALB/cJ,m,33245,,172,,374,69.1,,,,,,,,,,,,2860,8,116,110,0.282,67,,,,,3.72,4.20,162,,5.40,163,195,46.6,0.800
BALB/cJ,m,33246,,158,,74,90.7,,,,,,,,,,,,2652,8.80,114,99.8,0.251,54.4,,,,,5.58,4.20,162,,5.40,156,140,54.2,1.80
BALB/cJ,m,33247,,164,,102,92.0,,,,,,,,,,,,3186,8,114,105,0.314,46.6,,,,,4.34,3.80,160,,5.40,157,228,55.8,0.400
BALB/cJ,m,33248,,162,,186,49.7,,,,,,,,,,,,2772,8,113,112,0.267,55,,,,,4.96,4,162,,5.40,164,197,47.0,1
BALB/cJ,m,33249,,144,,50,56.2,,,,,,,,,,,,2436,8,113,99.5,0.317,60.6,,,,,4.96,4.40,160,,5.20,158,180,54.2,1
BALB/cJ,m,33250,,160,,88,79.6,,,,,,,,,,,,3240,8.80,113,109,0.345,50.2,,,,,4.96,4.60,162,,5.60,161,175,64.2,1.80
BALB/cJ,m,33251,,142,,312,85.7,,,,,,,,,,,,2480,8,113,97.1,0.330,53.6,,,,,3.72,4.20,160,,5,154,256,42.0,0.400
BALB/cJ,m,33252,,158,,58,25.7,,,,,,,,,,,,2808,8.80,115,105,0.330,50.8,,,,,3.72,4.60,164,,5.80,164,173,52.0,0.800
BALB/cJ,m,33253,,154,,62,75.4,,,,,,,,,,,,2742,8,114,105,0.282,65.2,,,,,5.58,4,160,,5.40,163,211,51.6,2.20
BALB/cJ,m,33254,,164,,216,99.2,,,,,,,,,,,,2870,8,113,105,0.314,55.4,,,,,4.96,4.60,160,,5.40,162,231,42.4,2.20
BALB/cJ,m,33255,,144,,54,95.9,,,,,,,,,,,,2672,8,113,94.4,0.345,54.4,,,,,6.20,4.60,162,,5.80,160,182,52.6,2.80
BALB/cJ,m,33256,,162,,384,81,,,,,,,,,,,,2518,8,112,105,0.282,51.2,,,,,6.20,4.20,160,,5.40,161,189,51.8,1
BALB/cJ,m,33257,,150,,36,67.0,,,,,,,,,,,,2652,8,113,100,0.298,35.8,,,,,5.58,3.80,160,,5.20,157,166,50.2,2.20
BALB/cJ,m,33258,,152,,306,54.5,,,,,,,,,,,,3034,8,112,103,0.298,52.2,,,,,5.58,4.80,158,,5.40,167,232,42.6,1
BALB/cJ,m,33319,,,,,,,14.5,,,14.6,31,47.1,1247,9.93,5.70,,,,,,,,,,,,,,,,,,,,
BALB/cJ,m,33320,,,,,,,14.5,,,15.2,31.8,47.9,1181,9.52,3.90,,,,,,,,,,,,,,,,,,,,
BALB/cJ,m,33321,,,,,,,14.7,,,15,32.3,46.4,1334,9.82,4.20,,,,,,,,,,,,,,,,,,,,
BALB/cJ,m,33322,,,,,,,13.9,,,15.2,32.3,47.1,1172,9.11,5.10,,,,,,,,,,,,,,,,,,,,
BALB/cJ,m,33323,,,,,,,13.6,,,15.5,33.1,46.7,1203,8.81,3.20,,,,,,,,,,,,,,,,,,,,
BALB/cJ,m,33324,,,,,,,17.2,,,14.8,31.1,47.6,1000,11.6,12.8,,,,,,,,,,,,,,,,,,,,
BALB/cJ,m,33325,,,,,,,13,,,14.9,31.9,46.9,1049,8.71,3.20,,,,,,,,,,,,,,,,,,,,
BALB/cJ,m,33326,,,,,,,15.1,,,15.3,32.4,47.1,1322,9.87,4.80,,,,,,,,,,,,,,,,,,,,
BALB/cJ,m,33327,,,,,,,15.2,,,15.4,32.6,47.3,1234,9.89,,,,,,,,,,,,,,,,,,,,,
BALB/cJ,m,33328,,,,,,,15.3,,,15.3,32.3,47.3,1329,10,8.60,,,,,,,,,,,,,,,,,,,,
BALB/cJ,m,33329,,,,,,,15,,,15.1,31.9,47.4,1232,9.95,5.70,,,,,,,,,,,,,,,,,,,,
BALB/cJ,m,33330,,,,,,,14.2,,,14.9,32.1,46.4,1347,9.55,,,,,,,,,,,,,,,,,,,,,
BALB/cJ,m,33331,,,,,,,15.9,,,15.1,33,45.8,1205,10.5,7.30,,,,,,,,,,,,,,,,,,,,
BALB/cJ,m,33332,,,,,,,14.6,,,14.7,31.9,46.2,1185,9.92,3.80,,,,,,,,,,,,,,,,,,,,
BALB/cJ,m,33333,,,,,,,14.9,,,15.3,32.3,47.3,1427,9.75,3.40,,,,,,,,,,,,,,,,,,,,
BALB/cJ,m,33334,,,,,,,15.8,,,14.9,32.7,45.5,1724,10.6,11.8,,,,,,,,,,,,,,,,,,,,
BALB/cJ,m,33335,,,,,,,15.6,,,15.3,32.6,47,1597,10.2,9.10,,,,,,,,,,,,,,,,,,,,
BALB/cJ,m,33336,,,,,,,15.4,,,15.4,32.4,47.6,1503,10,4.20,,,,,,,,,,,,,,,,,,,,
BALB/cJ,m,33337,,,,,,,15.7,,,15.5,32.7,47.4,1491,10.1,9.60,,,,,,,,,,,,,,,,,,,,
BALB/cJ,m,33338,,,,,,,15.3,,,15.1,32.4,46.7,1546,10.1,4.90,,,,,,,,,,,,,,,,,,,,
C3H/HeH,f,33181,,,,,112,,,,,,,,,,,3.49,,9.04,111,99.8,0.375,,,,,,9.46,6.90,150,,5.41,,83.7,49.2,
C3H/HeH,f,33182,,,,,88.9,,,,,,,,,,,2.95,,7.60,91,83.1,0.261,,,,,,6.85,5.40,124,,4.39,,57.0,33.6,
C3H/HeH,f,33183,,,,,122,,,,,,,,,,,3.78,,9.60,109,146,0.341,,,,,,8.37,7.30,148,,5.77,,103,33.0,
C3H/HeH,f,33184,,,,,120,,,,,,,,,,,3.81,,9.64,110,125,0.330,,,,,,8.09,7.40,147,,5.75,,96.1,34.2,
C3H/HeH,f,33185,,,,,140,,,,,,,,,,,3.70,,9.32,110,126,0.364,,,,,,8.18,8,149,,5.60,,81.9,42.6,
C3H/HeH,f,33186,,,,,112,,,,,,,,,,,3.51,,9.32,109,129,0.318,,,,,,8.71,6.30,147,,5.52,,170,30.6,
C3H/HeH,f,33187,,,,,117,,,,,,,,,,,3.76,,9.68,112,116,0.330,,,,,,8.03,7.40,148,,5.79,,82.8,33.0,
C3H/HeH,f,33188,,,,,119,,,,,,,,,,,3.76,,9.64,112,94.8,0.307,,,,,,7.41,6.80,150,,5.85,,76.5,47.4,
C3H/HeH,f,33189,,,,,103,,,,,,,,,,,3.51,,9.40,111,94.4,0.307,,,,,,8.40,6.70,149,,5.46,,81.9,30.0,
C3H/HeH,f,33190,,,,,126,,,,,,,,,,,3.66,,9.36,111,108,0.318,,,,,,7.69,7.90,148,,5.64,,78.3,34.2,
C3H/HeH,m,33171,,,,,125,,,,,,,,,,,3.23,,8.88,113,141,0.295,,,,,,9.39,8.10,152,,5.54,,105,50.4,
C3H/HeH,m,33172,,,,,110,,,,,,,,,,,3.20,,8.84,115,147,0.273,,,,,,7.81,6.20,154,,5.43,,180,41.4,
C3H/HeH,m,33173,,,,,122,,,,,,,,,,,3.21,,9.24,114,129,0.307,,,,,,8.22,6.70,151,,5.44,,155,46.2,
C3H/HeH,m,33174,,,,,125,,,,,,,,,,,3.06,,8.88,114,123,0.239,,,,,,,7.70,150,,5.41,,74.8,44.4,
C3H/HeH,m,33175,,,,,132,,,,,,,,,,,3.36,,9.36,112,139,0.307,,,,,,8.18,7.30,150,,5.61,,99.7,46.2,
C3H/HeH,m,33176,,,,,124,,,,,,,,,,,3.40,,10.2,112,182,0.307,,,,,,7.35,6.10,153,,6.49,,95.2,47.4,
C3H/HeH,m,33177,,,,,135,,,,,,,,,,,3.24,,8.84,112,153,0.330,,,,,,7.84,6.60,151,,5.64,,180,38.4,
C3H/HeH,m,33178,,,,,142,,,,,,,,,,,3.15,,8.88,113,135,0.341,,,,,,7.75,7,149,,5.29,,116,42.0,
C3H/HeH,m,33179,,,,,127,,,,,,,,,,,2.97,,8.32,113,140,0.273,,,,,,7.19,7.40,150,,4.94,,71.2,39.6,
C3H/HeH,m,33180,,,,,113,,,,,,,,,,,2.86,,8.48,112,142,0.261,,,,,,8.25,6.40,156,,4.98,,113,39.0,
C3HeB/FeJ,f,33018,28,125,90,725,,,,904,,,,,,,,2.70,465,,115,88.1,0.295,,,,,,,5.20,151,,,,58.7,,
C3HeB/FeJ,f,33019,33,187,87,235,182,68.2,,840,,,,,,,,,550,,,105,,,,26.3,,,6.42,,,,,,138,37.2,
C3HeB/FeJ,f,33020,29,169,66,309,155,65.9,,412,,,,,,,,2.90,490,9.80,115,88.5,0.284,,,,,,5.27,4.30,151,2,4.70,,76.5,32.4,
C3HeB/FeJ,f,33021,41,173,57,131,122,69.0,,299,10.1,,,,,,,2.90,506,9.64,117,93.6,0.273,,0.880,20.2,,,5.80,3.60,154,2,4.50,,73.0,25.8,
C3HeB/FeJ,f,33022,27,141,92,230,196,67.9,,430,9.75,,,,,,,2.90,474,9.80,116,95.5,0.318,,0.990,22.8,,,6.42,3.80,150,2.20,4.70,,95.2,27.0,
C3HeB/FeJ,f,33023,24,166,79,298,146,74.1,,310,11.7,,,,,,,2.90,507,9.68,115,101,0.307,,0.910,20.6,,,5.18,4,150,2,5.40,,93.5,29.4,
C3HeB/FeJ,f,33024,94,149,214,512,207,62.0,,777,10.1,,,,,,,3,515,10.0,117,85.4,0.330,,0.740,24,,,7.44,3.60,152,,5,,90.8,40.2,
C3HeB/FeJ,f,33025,25,163,60,174,146,60.8,,522,,,,,,,,3,524,8.72,114,81.5,0.284,,0.850,29.6,,,5.49,4.10,152,2,5,,61.4,40.2,
C3HeB/FeJ,f,33026,22,143,59,93,207,60.8,,303,,,,,,,,2.90,491,10.1,117,83.8,0.318,,0.820,23.4,,,6.39,4.50,151,2.30,5.30,,92.6,39.0,
C3HeB/FeJ,f,33027,62,157,276,3700,153,64.3,,1482,9.36,,,,,,,3,549,9.08,118,95.2,0.318,,1.08,25.3,,,8.34,6.10,158,,5.30,,99.7,38.4,
C3HeB/FeJ,f,33028,19,163,52,122,200,76.8,,256,16.0,,,,,,,2.90,442,10,114,102,0.295,,0.770,21,,,6.17,4.40,150,2.30,4.90,,145,28.8,
C3HeB/FeJ,f,33029,22,176,53,135,144,62.0,,366,,,,,,,,2.80,460,8.44,110,86.6,0.261,,1.11,24.5,,,5.77,4.60,146,1.70,5.30,,156,31.8,
C3HeB/FeJ,f,33030,26,172,130,1491,160,67.5,,572,11.3,,,,,,,3,491,9.64,116,88.5,0.295,,0.980,23.1,,,5.58,5.10,151,1.20,5,,95.2,39.0,
C3HeB/FeJ,f,33031,25,159,70,149,153,74.1,,561,11.3,,,,,,,3.10,469,9,116,105,0.227,,1.05,23.5,,,6.23,4,156,,6,,119,26.4,
C3HeB/FeJ,f,33032,38,143,71,76,140,72.9,,292,12.5,,,,,,,2.90,478,9.72,115,94.0,0.261,,,,,,6.57,3.80,152,2.40,4.90,,141,28.2,
C3HeB/FeJ,f,33033,27,204,67,275,148,69.4,,367,11.3,,,,,,,3.10,452,9.76,118,88.5,0.295,,1.20,28.2,,,5.86,5.10,153,2.10,4.90,,105,34.8,
C3HeB/FeJ,f,33034,29,175,121,1215,124,79.2,,615,14.8,,,,,,,3.10,440,9.48,115,107,0.284,,1.10,21,,,5.36,,150,,4.90,,111,34.8,
C3HeB/FeJ,f,33035,37,155,95,180,155,72.2,,369,13.3,,,,,,,3.10,433,9.76,115,95.9,0.284,,1.29,29.6,,,6.60,5.30,151,2.90,4.80,,186,33.6,
C3HeB/FeJ,f,33036,26,186,113,932,151,63.6,,690,9.36,,,,,,,3.10,450,9.48,118,85.4,0.295,,1.06,,,,4.59,5.70,151,,4.70,,79.2,38.4,
C3HeB/FeJ,f,33037,22,169,53,94,196,71.0,,348,10.5,,,,,,,3,452,9.60,116,89.3,0.318,,1,20.4,,,6.11,4.40,151,1.50,4.90,,89.9,36.0,
C3HeB/FeJ,f,33259,,310,,114,162,,,,,,,,,,,,2076,9.60,113,170,0.316,88.4,,,,,6.20,4.20,154,,5.60,184,103,51.2,2.20
C3HeB/FeJ,f,33260,,258,,46,171,,,,,,,,,,,,2186,9.60,112,164,0.372,69.6,,,,,7.44,3.80,156,,5.80,178,101,39.4,2.20
C3HeB/FeJ,f,33261,,222,,32,161,,,,,,,,,,,,1856,9.60,111,97.5,0.295,65.6,,,,,3.72,4,154,,5.20,193,179,71.4,1
C3HeB/FeJ,f,33262,,196,,60,178,,,,,,,,,,,,1940,9.60,114,132,0.295,70,,,,,5.58,3.80,158,,5.20,180,322,38.6,2.60
C3HeB/FeJ,f,33263,,204,,74,178,,,,,,,,,,,,2038,9.60,114,125,0.295,69.6,,,,,6.20,3.80,158,,5.40,182,255,43.8,1.40
C3HeB/FeJ,f,33264,,208,,84,161,,,,,,,,,,,,2096,9.60,112,127,0.277,66.4,,,,,6.82,4,156,,5.40,178,257,37.0,1.80
C3HeB/FeJ,f,33265,,198,,132,120,,,,,,,,,,,,2270,9.60,115,139,0.257,79.2,,,,,4.96,3.80,158,,5.60,184,414,35.0,1.40
C3HeB/FeJ,f,33266,,216,,182,152,,,,,,,,,,,,2148,9.60,113,129,0.295,62.2,,,,,4.96,3.80,156,,5.60,180,283,35.8,1
C3HeB/FeJ,f,33267,,220,,30,136,,,,,,,,,,,,2058,9.60,114,134,0.316,81.4,,,,,4.34,3.80,156,,5.60,184,294,38.8,0.800
C3HeB/FeJ,f,33268,,172,,194,180,,,,,,,,,,,,2056,9.60,113,127,0.295,69.6,,,,,4.96,3.40,156,,5.40,182,380,33.0,1
C3HeB/FeJ,f,33269,,182,,82,163,,,,,,,,,,,,2156,9.60,114,149,0.316,74.8,,,,,5.58,4,158,,5.40,187,480,46.6,1.40
C3HeB/FeJ,f,33270,,206,,80,154,,,,,,,,,,,,1890,9.60,115,104,0.295,69.6,,,,,4.34,3.80,156,,5.40,175,165,37.6,0.800
C3HeB/FeJ,f,33271,,204,,100,182,,,,,,,,,,,,2164,9.60,114,140,0.333,71.2,,,,,4.96,4.20,156,,5.80,189,342,36.2,1.40
C3HeB/FeJ,f,33272,,230,,32,175,,,,,,,,,,,,1856,9.60,117,94.0,0.316,76,,,,,3.72,4,156,,5.40,172,207,45.4,1.80
C3HeB/FeJ,f,33273,,190,,406,205,,,,,,,,,,,,2224,9.60,114,134,0.372,117,,,,,4.34,4.20,158,,5.80,185,323,38.2,2.20
C3HeB/FeJ,f,33579,,,,,,,14.2,,,16.4,32.5,50.5,1122,8.64,4.40,,,,,,,,,,,,,,,,,,,,
C3HeB/FeJ,f,33580,,,,,,,14.1,,,16.8,33.1,50.8,1017,8.38,8,,,,,,,,,,,,,,,,,,,,
C3HeB/FeJ,f,33581,,,,,,,14.7,,,17,33.5,50.6,1235,8.67,4.60,,,,,,,,,,,,,,,,,,,,
C3HeB/FeJ,f,33582,,,,,,,13.9,,,16.5,32.7,50.3,821,8.45,5.10,,,,,,,,,,,,,,,,,,,,
C3HeB/FeJ,f,33583,,,,,,,13,,,17.1,33.5,50.9,1574,7.64,7.10,,,,,,,,,,,,,,,,,,,,
C3HeB/FeJ,f,33584,,,,,,,14.8,,,16.7,33.3,50.3,1265,8.85,4.60,,,,,,,,,,,,,,,,,,,,
C3HeB/FeJ,f,33585,,,,,,,14,,,16.1,31.7,50.7,1167,8.73,4.50,,,,,,,,,,,,,,,,,,,,
C3HeB/FeJ,f,33586,,,,,,,13.9,,,16.4,32.2,50.9,867,8.49,4.40,,,,,,,,,,,,,,,,,,,,
C3HeB/FeJ,f,33587,,,,,,,13.4,,,16.6,32.4,51.2,745,8.06,,,,,,,,,,,,,,,,,,,,,
C3HeB/FeJ,f,33588,,,,,,,13.8,,,16.9,33,51.4,1196,8.12,5.30,,,,,,,,,,,,,,,,,,,,
C3HeB/FeJ,f,33590,,,,,,,15.9,,,16.6,32.2,51.4,846,9.59,8.20,,,,,,,,,,,,,,,,,,,,
C3HeB/FeJ,f,33591,,,,,,,14.4,,,16.5,33.1,50,1080,8.68,3.90,,,,,,,,,,,,,,,,,,,,
C3HeB/FeJ,f,33592,,,,,,,14,,,16.6,32.8,50.5,1263,8.44,4,,,,,,,,,,,,,,,,,,,,
C3HeB/FeJ,f,33593,,,,,,,14,,,16.6,32.6,50.9,1262,8.47,5.30,,,,,,,,,,,,,,,,,,,,
C3HeB/FeJ,f,33594,,,,,,,15.4,,,16.7,33.1,50.6,1305,9.21,5,,,,,,,,,,,,,,,,,,,,
C3HeB/FeJ,f,33595,,,,,,,15,,,17.1,33.7,50.8,1009,8.79,7.10,,,,,,,,,,,,,,,,,,,,
C3HeB/FeJ,f,33596,,,,,,,14.5,,,16.5,33.2,49.9,1205,8.77,6.80,,,,,,,,,,,,,,,,,,,,
C3HeB/FeJ,f,33597,,,,,,,14.5,,,16.7,32.8,50.8,1028,8.70,4.90,,,,,,,,,,,,,,,,,,,,
C3HeB/FeJ,f,33598,,,,,,,15.7,,,17.1,34.4,49.7,829,9.17,9.20,,,,,,,,,,,,,,,,,,,,
C3HeB/FeJ,f,33894,,,,,,,15.4,,,15.9,31.2,51,868,9.70,5.50,,,,,,,,,,,,,,,,,,,,
C3HeB/FeJ,f,33895,,,,,,,15.7,,,16.3,31.2,52,805,9.61,5.40,,,,,,,,,,,,,,,,,,,,
C3HeB/FeJ,f,33896,,,,,,,15.1,,,15.6,30.2,52,535,9.70,6.10,,,,,,,,,,,,,,,,,,,,
C3HeB/FeJ,f,33897,,,,,,,15,,,16.1,31.4,51,667,9.33,4.10,,,,,,,,,,,,,,,,,,,,
C3HeB/FeJ,f,33898,,,,,,,15.2,,,15.3,30.3,51,663,9.92,4.50,,,,,,,,,,,,,,,,,,,,
C3HeB/FeJ,f,33899,,,,,,,15.2,,,15.7,31.4,50,630,9.68,7.20,,,,,,,,,,,,,,,,,,,,
C3HeB/FeJ,f,33900,,,,,,,15.6,,,15.4,30.5,51,656,10.2,6.50,,,,,,,,,,,,,,,,,,,,
C3HeB/FeJ,f,33901,,,,,,,15.4,,,15.9,31,51,663,9.68,5.30,,,,,,,,,,,,,,,,,,,,
C3HeB/FeJ,f,33902,,,,,,,15.7,,,15.5,30.1,51,726,10.2,4.40,,,,,,,,,,,,,,,,,,,,
C3HeB/FeJ,f,33903,,,,,,,15.3,,,15.5,30.8,50,663,9.86,4.20,,,,,,,,,,,,,,,,,,,,
C3HeB/FeJ,f,33904,,,,,,,14.9,,,15.5,30.4,51,572,9.63,6.30,,,,,,,,,,,,,,,,,,,,
C3HeB/FeJ,f,33905,,,,,,,16,,,15.4,30.7,50,588,10.3,7.60,,,,,,,,,,,,,,,,,,,,
C3HeB/FeJ,f,33906,,,,,,,15.5,,,15.8,31.4,50,635,9.79,5.40,,,,,,,,,,,,,,,,,,,,
C3HeB/FeJ,f,33907,,,,,,,14.6,,,15.5,30.7,50,572,9.45,3.80,,,,,,,,,,,,,,,,,,,,
C3HeB/FeJ,f,33908,,,,,,,15.3,,,15.4,29.9,51,652,9.93,4.40,,,,,,,,,,,,,,,,,,,,
C3HeB/FeJ,f,33909,,,,,,,,,,,,,,,,,,,,,,,,,3,0.500,,,,,,,,,
C3HeB/FeJ,f,33910,,,,,,,,,,,,,,,,,,,,,,,,,2.90,0.500,,,,,,,,,
C3HeB/FeJ,f,33911,,,,,,,,,,,,,,,,,,,,,,,,,3.50,0.500,,,,,,,,,
C3HeB/FeJ,f,33912,,,,,,,,,,,,,,,,,,,,,,,,,2.40,0.400,,,,,,,,,
C3HeB/FeJ,f,33913,,,,,,,,,,,,,,,,,,,,,,,,,2.60,0.400,,,,,,,,,
C3HeB/FeJ,f,33914,,,,,,,,,,,,,,,,,,,,,,,,,4,0.600,,,,,,,,,
C3HeB/FeJ,f,33915,,,,,,,,,,,,,,,,,,,,,,,,,3.60,0.600,,,,,,,,,
C3HeB/FeJ,f,33916,,,,,,,,,,,,,,,,,,,,,,,,,2.50,0.500,,,,,,,,,
C3HeB/FeJ,f,33917,,,,,,,,,,,,,,,,,,,,,,,,,2.30,0.400,,,,,,,,,
C3HeB/FeJ,f,33918,,,,,,,,,,,,,,,,,,,,,,,,,2.20,0.300,,,,,,,,,
C3HeB/FeJ,f,33919,,,,,,,,,,,,,,,,,,,,,,,,,3.40,0.500,,,,,,,,,
C3HeB/FeJ,f,33920,,,,,,,,,,,,,,,,,,,,,,,,,4.10,0.800,,,,,,,,,
C3HeB/FeJ,f,33921,,,,,,,,,,,,,,,,,,,,,,,,,2.70,0.500,,,,,,,,,
C3HeB/FeJ,f,33922,,,,,,,,,,,,,,,,,,,,,,,,,2,0.300,,,,,,,,,
C3HeB/FeJ,f,33923,,,,,,,,,,,,,,,,,,,,,,,,,2.10,0.400,,,,,,,,,
C3HeB/FeJ,m,32998,22,131,38,48,149,88.1,,243,11.3,,,,,,,2.70,504,9.04,115,115,0.295,,0.880,19.5,,,5.49,4.10,151,2.80,4.80,,125,41.4,
C3HeB/FeJ,m,32999,31,120,59,181,131,100,,344,17.6,,,,,,,2.70,506,9.36,114,136,0.318,,1.03,19.3,,,6.94,5.20,150,2.30,4.50,,199,40.2,
C3HeB/FeJ,m,33000,48,136,67,472,139,90.9,,370,12.1,,,,,,,2.80,538,9.36,115,120,0.284,,1.25,19.1,,,5.89,5.80,151,2,4.80,,133,38.4,
C3HeB/FeJ,m,33001,32,131,48,133,149,90.9,,316,14.4,,,,,,,2.70,487,9.16,116,126,0.295,,1.22,22.1,,,6.23,5.10,152,2.20,4.50,,178,40.8,
C3HeB/FeJ,m,33002,26,142,62,293,155,103,,294,16.4,,,,,,,2.80,478,9.20,116,141,0.364,,1.10,23.1,,,7.10,5.80,152,2.50,4.70,,168,66.6,
C3HeB/FeJ,m,33003,144,134,276,,160,102,,2067,17.9,,,,,,,2.90,452,9.40,116,144,0.318,,0.770,20.4,,,,6,151,,5.10,,136,55.2,
C3HeB/FeJ,m,33004,21,129,53,280,144,102,,309,16.8,,,,,,,2.70,518,9.32,116,144,0.284,,0.930,18.9,,,5.12,4.30,152,2.30,4.80,,166,42.0,
C3HeB/FeJ,m,33005,25,125,62,158,133,95.5,,393,,,,,,,,2.80,490,8.24,116,136,0.261,,1.29,16.1,,,5.46,3.90,156,,5.70,,161,37.8,
C3HeB/FeJ,m,33006,30,127,119,1051,139,103,,731,17.9,,,,,,,2.90,552,9.32,116,144,0.318,,1.11,21.4,,,5.52,5.80,152,,5.20,,195,42.6,
C3HeB/FeJ,m,33007,24,131,47,175,153,93.2,,284,14.0,,,,,,,2.70,471,9.68,117,125,0.284,,0.910,20,,,5.77,4.50,151,2.10,4.70,,120,49.8,
C3HeB/FeJ,m,33008,22,116,43,65,171,101,,265,,,,,,,,2.80,483,9.88,115,128,0.295,,0.770,18.2,,,7.56,4.50,152,2.30,5.30,,172,35.4,
C3HeB/FeJ,m,33009,36,121,158,1730,124,94.0,,683,18.7,,,,,,,2.70,542,8.56,116,114,0.295,,0.930,18.2,,,7.87,6.40,152,,5.20,,125,39.0,
C3HeB/FeJ,m,33010,33,98,187,887,227,107,,878,,,,,,,,2.70,576,9.44,111,133,0.295,,0.590,12.7,,,5.89,4.50,149,2.30,5.50,,101,34.2,
C3HeB/FeJ,m,33011,50,126,157,1984,167,94.4,,760,15.2,,,,,,,2.70,468,9.60,115,114,0.295,,0.740,19.6,,,7.35,6.30,150,,5,,102,51.0,
C3HeB/FeJ,m,33012,29,111,52,117,151,93.2,,346,12.5,,,,,,,2.80,512,8.72,116,121,0.261,,0.780,20.5,,,6.79,4.60,154,2.30,4.60,,99.7,46.8,
C3HeB/FeJ,m,33013,21,126,52,119,153,105,,262,19.1,,,,,,,2.80,499,9.12,114,134,0.284,,1,18,,,5.83,4.30,149,2.40,5.10,,181,37.8,
C3HeB/FeJ,m,33014,27,120,80,1191,155,110,,456,20.7,,,,,,,2.80,513,8.96,116,140,0.295,,1.11,17.3,,,5.80,6,151,1.40,4.80,,198,39.6,
C3HeB/FeJ,m,33015,22,119,46,86,153,99.8,,319,16.4,,,,,,,2.70,501,8.80,114,129,0.250,,1.02,18,,,5.49,4.30,151,2,4.50,,145,34.8,
C3HeB/FeJ,m,33016,68,127,161,1605,135,101,,969,17.2,,,,,,,2.80,496,9.08,117,128,0.284,,1.18,17.5,,,6.94,,151,,5.10,,178,44.4,
C3HeB/FeJ,m,33017,21,122,46,62,158,103,,277,19.1,,,,,,,2.80,467,9.08,114,131,0.261,,1.02,19.4,,,5.55,4.20,150,2.40,4.60,,176,43.2,
C3HeB/FeJ,m,33274,,136,,36,156,,,,,,,,,,,,2308,8.80,112,156,0.239,50.8,,,,,5.58,4.40,156,,5.20,172,239,52.0,0.800
C3HeB/FeJ,m,33275,,166,,176,194,,,,,,,,,,,,2348,8.80,112,172,0.295,53.8,,,,,6.82,4.40,156,,5.40,174,264,45.8,2.20
C3HeB/FeJ,m,33276,,150,,108,184,,,,,,,,,,,,2322,8.80,112,157,0.277,60.4,,,,,4.96,4.20,156,,5.20,175,274,46.6,0.800
C3HeB/FeJ,m,33277,,164,,44,198,,,,,,,,,,,,2410,9.60,111,178,0.277,58.6,,,,,6.20,4.20,158,,6.20,182,360,56.6,1.80
C3HeB/FeJ,m,33278,,162,,36,196,,,,,,,,,,,,2596,9.60,110,193,0.277,53.4,,,,,6.20,4.20,158,,5.60,181,416,47.8,2.20
C3HeB/FeJ,m,33279,,158,,36,189,,,,,,,,,,,,2276,9.60,111,168,0.277,52,,,,,5.58,4.20,156,,5.60,182,269,43.2,1.40
C3HeB/FeJ,m,33280,,166,,36,194,,,,,,,,,,,,2460,9.60,112,188,0.295,52,,,,,6.20,4.60,158,,5.80,186,331,41.4,2.20
C3HeB/FeJ,m,33281,,158,,68,165,,,,,,,,,,,,2286,8.80,111,164,0.239,44.2,,,,,4.96,3.80,156,,5.60,184,292,55.4,0.400
C3HeB/FeJ,m,33282,,146,,62,212,,,,,,,,,,,,2462,9.60,109,183,0.277,57.8,,,,,5.58,4,156,,5.60,182,342,55.6,1
C3HeB/FeJ,m,33283,,160,,60,200,,,,,,,,,,,,2494,9.60,112,171,0.295,40.2,,,,,5.58,4.40,158,,6,184,263,48.0,1
C3HeB/FeJ,m,33284,,156,,200,200,,,,,,,,,,,,2514,9.60,113,176,0.316,68.2,,,,,4.96,4.40,158,,5.80,188,316,46.8,1.40
C3HeB/FeJ,m,33285,,146,,22,212,,,,,,,,,,,,2542,9.60,112,181,0.295,56,,,,,5.58,4.60,158,,5.80,190,351,49.2,1.80
C3HeB/FeJ,m,33286,,146,,18,198,,,,,,,,,,,,2550,8.80,111,188,0.333,56.4,,,,,4.96,4.40,158,,5.80,189,363,72.6,1
C3HeB/FeJ,m,33287,,262,,28,229,,,,,,,,,,,,2910,9.60,112,184,0.316,42.4,,,,,6.20,4.20,156,,6,184,180,46.0,2.20
C3HeB/FeJ,m,33288,,170,,106,218,,,,,,,,,,,,2512,9.60,114,176,0.316,70.8,,,,,6.82,4.80,160,,5.80,187,304,45.6,2.60
C3HeB/FeJ,m,33559,,,,,,,14.9,,,16,32.5,49.4,1313,9.27,3.20,,,,,,,,,,,,,,,,,,,,
C3HeB/FeJ,m,33560,,,,,,,14.1,,,16.1,32.3,49.9,1218,8.80,6,,,,,,,,,,,,,,,,,,,,
C3HeB/FeJ,m,33561,,,,,,,15.1,,,15.9,32.2,49.4,1262,9.48,5.50,,,,,,,,,,,,,,,,,,,,
C3HeB/FeJ,m,33562,,,,,,,13.9,,,16.5,32.1,51.3,1166,8.43,6.10,,,,,,,,,,,,,,,,,,,,
C3HeB/FeJ,m,33563,,,,,,,13.4,,,16.2,31.9,50.7,1218,8.28,3.60,,,,,,,,,,,,,,,,,,,,
C3HeB/FeJ,m,33564,,,,,,,14.8,,,16.3,32.8,49.7,1182,9.12,3.90,,,,,,,,,,,,,,,,,,,,
C3HeB/FeJ,m,33565,,,,,,,13.5,,,16.1,32.9,49,1137,8.37,7.20,,,,,,,,,,,,,,,,,,,,
C3HeB/FeJ,m,33566,,,,,,,14.7,,,16.2,32.6,49.5,1167,9.08,5.30,,,,,,,,,,,,,,,,,,,,
C3HeB/FeJ,m,33567,,,,,,,14.3,,,16,31.9,50.3,1346,8.90,4.80,,,,,,,,,,,,,,,,,,,,
C3HeB/FeJ,m,33568,,,,,,,14.2,,,15.9,31.8,50,1148,8.97,4.90,,,,,,,,,,,,,,,,,,,,
C3HeB/FeJ,m,33569,,,,,,,14.5,,,16.2,32.5,49.8,1291,8.94,4.40,,,,,,,,,,,,,,,,,,,,
C3HeB/FeJ,m,33570,,,,,,,14.8,,,16.4,33,49.6,1099,9.50,5.10,,,,,,,,,,,,,,,,,,,,
C3HeB/FeJ,m,33571,,,,,,,14.7,,,16.5,33.5,49.1,1183,8.90,4.50,,,,,,,,,,,,,,,,,,,,
C3HeB/FeJ,m,33572,,,,,,,13.9,,,16.1,32.8,49.2,1259,8.61,3.40,,,,,,,,,,,,,,,,,,,,
C3HeB/FeJ,m,33573,,,,,,,14.9,,,16.2,33.2,48.8,915,9.20,8.70,,,,,,,,,,,,,,,,,,,,
C3HeB/FeJ,m,33574,,,,,,,15.6,,,16.3,32.6,49.8,1397,9.60,5.50,,,,,,,,,,,,,,,,,,,,
C3HeB/FeJ,m,33575,,,,,,,15.7,,,16.8,33.7,49.7,1287,9.38,6.80,,,,,,,,,,,,,,,,,,,,
C3HeB/FeJ,m,33576,,,,,,,14.7,,,16.7,33.2,50.1,1239,8.85,6.10,,,,,,,,,,,,,,,,,,,,
C3HeB/FeJ,m,33577,,,,,,,15.3,,,16.5,33,49.9,1178,9.32,5.10,,,,,,,,,,,,,,,,,,,,
C3HeB/FeJ,m,33578,,,,,,,15,,,16.2,32.9,49.1,1240,9.28,4.70,,,,,,,,,,,,,,,,,,,,
C3HeB/FeJ,m,33924,,,,,,,15.2,,,16,31.7,50,722,9.50,8.20,,,,,,,,,,,,,,,,,,,,
C3HeB/FeJ,m,33925,,,,,,,15.7,,,15.5,31,50,674,10.1,6.60,,,,,,,,,,,,,,,,,,,,
C3HeB/FeJ,m,33926,,,,,,,15.4,,,15.3,31,49,739,10,6.40,,,,,,,,,,,,,,,,,,,,
C3HeB/FeJ,m,33927,,,,,,,15.6,,,15.6,31.6,49,692,9.98,8.30,,,,,,,,,,,,,,,,,,,,
C3HeB/FeJ,m,33928,,,,,,,15.7,,,15.5,31.4,49,707,10.2,7.10,,,,,,,,,,,,,,,,,,,,
C3HeB/FeJ,m,33929,,,,,,,14.6,,,15.2,30.6,50,723,9.65,4.40,,,,,,,,,,,,,,,,,,,,
C3HeB/FeJ,m,33930,,,,,,,15,,,15.6,31.3,50,714,9.57,5.30,,,,,,,,,,,,,,,,,,,,
C3HeB/FeJ,m,33931,,,,,,,15.7,,,15.5,31.3,49,732,10.2,6.90,,,,,,,,,,,,,,,,,,,,
C3HeB/FeJ,m,33932,,,,,,,15.1,,,15.4,31.2,49,699,9.82,7.40,,,,,,,,,,,,,,,,,,,,
C3HeB/FeJ,m,33933,,,,,,,16.7,,,15.2,30.7,50,578,11,5.10,,,,,,,,,,,,,,,,,,,,
C3HeB/FeJ,m,33934,,,,,,,15.8,,,15.2,30.5,50,702,10.4,5.10,,,,,,,,,,,,,,,,,,,,
C3HeB/FeJ,m,33935,,,,,,,15.1,,,15.5,31.1,50,716,9.77,5.80,,,,,,,,,,,,,,,,,,,,
C3HeB/FeJ,m,33936,,,,,,,15.7,,,15.4,30.8,50,662,10.2,6.60,,,,,,,,,,,,,,,,,,,,
C3HeB/FeJ,m,33937,,,,,,,14.9,,,15.4,31.1,49,829,9.66,7.10,,,,,,,,,,,,,,,,,,,,
C3HeB/FeJ,m,33938,,,,,,,16,,,15.4,30.9,50,669,10.4,4.20,,,,,,,,,,,,,,,,,,,,
C57BL/6J,f,32778,51,,91,455,112,46.0,,547,19.5,,,,,,,3.30,874,9.96,113,76.8,0.330,,1.50,,,,6.88,4.70,148,1,5.40,,187,73.8,
C57BL/6J,f,32779,44,,272,,93.6,51.1,,711,19.9,,,,,,,3.30,654,9.40,112,78,0.330,,,12.3,,,7.56,4.60,149,1.20,5.60,,231,66.0,
C57BL/6J,f,32780,61,,144,1131,82.8,58.5,,575,22.6,,,,,,,3.20,802,9.60,114,89.7,0.307,,1.79,,,,7.29,4.40,150,0.800,5.50,,208,72.6,
C57BL/6J,f,32781,29,,115,654,,,,402,,,,,,,,3.20,545,,109,,0.295,,,10.8,,,,4.70,148,3.40,,,,,
C57BL/6J,f,32782,93,,220,1568,113,56.5,,706,21.1,,,,,,,3.30,692,9.92,113,84.6,0.284,,,13.5,,,5.98,5.40,149,1.10,5.10,,218,58.2,
C57BL/6J,f,32783,19,118,100,892,,,,462,,,,,,,,2.90,542,,112,,0.318,,,14.9,,,,4.30,149,3.50,,,,,
C57BL/6J,f,32784,22,151,55,279,97.2,65.9,,233,,,,,,,,3.20,681,9.32,115,96.7,0.318,,,14.8,,,5.86,4.30,150,2.20,5.50,,209,68.4,
C57BL/6J,f,32785,24,139,71,379,91.8,67.9,,358,,,,,,,,3.10,560,9.48,113,110,0.307,,,14.3,,,5.43,4.40,149,1.40,5.70,,276,76.2,
C57BL/6J,f,32786,20,155,80,686,124,61.2,,387,,,,,,,,3.20,639,9.68,117,95.9,0.330,,1.47,11.7,,,5.67,4.90,151,1.30,5.90,,163,78.0,
C57BL/6J,f,32787,18,179,90,456,70.2,34.3,,316,23.0,,,,,,,3,707,,114,52.3,0.273,,,9.80,,,5.83,4.30,152,3.50,,,143,,
C57BL/6J,f,32788,58,146,243,,81,56.2,,710,,,,,,,,3.30,1052,,110,93.6,0.261,,,13.5,,,5.43,4.50,149,0.400,,,242,,
C57BL/6J,f,32789,62,162,243,1712,101,56.5,,662,24.2,,,,,,,3.20,982,9.32,112,84.6,0.295,,1.05,12.9,,,5.05,4.20,149,0.800,5.40,,127,64.2,
C57BL/6J,f,32790,32,117,185,1654,97.2,53.0,,526,,,,,,,,3.10,637,,112,88.1,0.307,,,11.1,,,4.81,4.30,149,0.800,5.20,,127,32.4,
C57BL/6J,f,32791,27,151,140,1232,90,61.6,,481,,,,,,,,3.30,565,9.56,110,99.5,0.341,,,10.5,,,5.30,5.50,147,1.10,5,,207,79.2,
C57BL/6J,f,32792,31,93,240,1619,75.6,59.7,,577,,,,,,,,2.80,720,,110,101,0.284,,,12.8,,,6.11,4.80,149,0.400,4.90,,241,69.6,
C57BL/6J,f,32793,29,106,149,,77.4,86.2,,554,23.4,,,,,,,3.10,788,10.2,112,116,0.295,,2.58,11,,,7.38,4.30,151,1.70,5.50,,172,66.6,
C57BL/6J,f,32794,155,113,347,1299,86.4,88.9,,1006,25.0,,,,,,,3.10,776,9.84,117,122,0.284,,,10.6,,,7.35,5.20,153,0.900,5.50,,178,64.2,
C57BL/6J,f,32795,40,109,135,1148,75.6,84.2,,467,21.4,,,,,,,3.10,759,9.92,113,113,0.307,,1.80,10.1,,,6.45,4.20,151,1.80,6.20,,142,78.6,
C57BL/6J,f,32796,33,108,148,443,106,84.2,,554,20.3,,,,,,,3,855,10.2,114,114,0.284,,1.96,11.3,,,7.07,4.70,151,1.60,5.60,,138,69.6,
C57BL/6J,f,32797,23,81,79,,91.8,78,,397,,,,,,,,2.90,584,10.2,113,114,0.273,,,10.9,,,6.85,4.70,149,1.30,5.80,,165,67.2,
C57BL/6J,f,33117,,,,,168,,,,,,,,,,,,,,113,,,,,,,,,7.10,150,,1.72,,,,
C57BL/6J,f,33118,,,,,169,,,,,,,,,,,,,,113,,0.0280,,,,,,,7.60,150,,1.16,,,192,
C57BL/6J,f,33119,,,,,179,,,,,,,,,,,,,9.44,109,,,,,,,,,6.50,147,,1.44,,,198,
C57BL/6J,f,33120,,,,,182,,,,,,,,,,,,,,113,,,,,,,,,7.20,150,,1.44,,,,
C57BL/6J,f,33121,,,,,184,,,,,,,,,,,0.186,,10.2,111,28.5,0.0270,,,,,,165,7.50,150,,3.50,,65.0,210,
C57BL/6J,f,33122,,,,,182,,,,,,,,,,,,,,114,,0.0250,,,,,,,6.80,151,,1.28,,,162,
C57BL/6J,f,33123,,,,,207,,,,,,,,,,,,,10.3,114,,,,,,,,,6.70,152,,1.18,,,132,
C57BL/6J,f,33124,,,,,180,,,,,,,,,,,,,10.8,113,,,,,,,,,7.20,151,,1.49,,,,
C57BL/6J,f,33125,,,,,144,,,,,,,,,,,,,,110,,,,,,,,,7.10,149,,1.19,,,,
C57BL/6J,f,33126,,,,,191,,,,,,,,,,,,,11.8,111,,,,,,,,,7,149,,1.13,,,234,
C57BL/6J,f,33289,,204,,128,23.2,,,,,,,,,,,,2206,8.80,118,78.4,0.335,91.8,,,,,4.96,3.80,164,,5.60,145,93.5,76.2,0.800
C57BL/6J,f,33290,,236,,48,70.7,,,,,,,,,,,,2056,8.80,114,62.4,0.364,162,,,,,5.58,4,162,,5.20,139,101,50.2,0.600
C57BL/6J,f,33291,,206,,52,55.6,,,,,,,,,,,,2576,8.80,113,81.5,0.364,84.4,,,,,6.82,3.40,162,,5.60,145,118,71.4,2
C57BL/6J,f,33292,,224,,50,98.5,,,,,,,,,,,,2274,8.80,118,66.3,0.364,119,,,,,5.58,3.60,162,,5.20,141,67.8,72.0,0.200
C57BL/6J,f,33293,,196,,118,82.6,,,,,,,,,,,,2354,8.80,118,70.2,0.380,82.2,,,,,4.96,4,162,,5.40,146,105,77.4,2.40
C57BL/6J,f,33294,,174,,162,129,,,,,,,,,,,,2528,8.80,116,82.3,0.380,134,,,,,4.34,4,162,,5.80,150,133,89.4,1.20
C57BL/6J,f,33295,,190,,194,67.3,,,,,,,,,,,,3076,8.80,118,80.3,0.350,98.2,,,,,4.34,3.80,162,,5.60,146,79.2,68.4,0.600
C57BL/6J,f,33296,,236,,204,92.2,,,,,,,,,,,,2668,8.80,119,80.3,0.380,97.6,,,,,4.96,4.40,164,,5.80,148,94.3,82.8,0.800
C57BL/6J,f,33297,,192,,112,71.3,,,,,,,,,,,,4802,8.80,118,69.4,0.380,112,,,,,4.34,3.60,162,,5.60,149,109,85.8,0.600
C57BL/6J,f,33298,,220,,42,75.4,,,,,,,,,,,,4854,8.80,119,71.4,0.350,91.2,,,,,4.34,3.40,162,,5.40,150,96.1,67.2,0.200
C57BL/6J,f,33299,,106,,138,53.8,,,,,,,,,,,,4540,8.80,126,87.8,0.290,163,,,,,6.20,3.80,170,,5.20,149,51.3,64.8,5.80
C57BL/6J,f,33300,,140,,132,57.2,,,,,,,,,,,,4670,8.80,123,78.4,0.290,130,,,,,6.20,3.60,166,,5.40,157,61.0,50.2,3
C57BL/6J,f,33301,,142,,156,103,,,,,,,,,,,,5156,8.80,121,71.8,0.306,159,,,,,5.58,3.60,164,,5,146,50.1,56.0,3.80
C57BL/6J,f,33302,,196,,70,160,,,,,,,,,,,,3786,8,119,53.4,0.350,93.6,,,,,4.96,3.40,162,,5.20,145,47.7,76.2,1.20
C57BL/6J,f,33303,,144,,96,50.2,,,,,,,,,,,,6258,8.80,122,76.0,0.290,152,,,,,4.96,3.40,166,,5.60,152,49.7,59.4,5.20
C57BL/6J,f,33459,,,,,,,14.8,,,15.3,34.3,44.6,1613,9.71,9.30,,,,,,,,,,,,,,,,,,,,
C57BL/6J,f,33460,,,,,,,14.5,,,15.3,34.5,44.4,15,9.45,6.50,,,,,,,,,,,,,,,,,,,,
C57BL/6J,f,33461,,,,,,,14.2,,,15,34.7,43.2,1727,9.47,4.50,,,,,,,,,,,,,,,,,,,,
C57BL/6J,f,33462,,,,,,,14.6,,,15.3,34.7,44,1701,9.59,6.70,,,,,,,,,,,,,,,,,,,,
C57BL/6J,f,33463,,,,,,,15.2,,,15.2,34.8,43.6,1695,9.99,7,,,,,,,,,,,,,,,,,,,,
C57BL/6J,f,33464,,,,,,,14.5,,,15.2,34.1,44.5,1340,9.58,6,,,,,,,,,,,,,,,,,,,,
C57BL/6J,f,33465,,,,,,,14,,,15.2,34.6,43.9,1655,9.19,4.50,,,,,,,,,,,,,,,,,,,,
C57BL/6J,f,33466,,,,,,,15.5,,,15.6,35.1,44.4,1540,9.94,10.7,,,,,,,,,,,,,,,,,,,,
C57BL/6J,f,33467,,,,,,,14.1,,,16.1,34.7,46.3,1021,8.79,7.90,,,,,,,,,,,,,,,,,,,,
C57BL/6J,f,33468,,,,,,,14,,,15.9,34.4,46.2,1007,8.79,6.10,,,,,,,,,,,,,,,,,,,,
C57BL/6J,f,33469,,,,,,,15.2,,,16.2,36.4,44.5,1693,9.37,9.80,,,,,,,,,,,,,,,,,,,,
C57BL/6J,f,33470,,,,,,,14.3,,,15.6,34.9,44.8,1554,9.13,8,,,,,,,,,,,,,,,,,,,,
C57BL/6J,f,33471,,,,,,,13.8,,,15,35.1,42.8,1620,9.17,5.10,,,,,,,,,,,,,,,,,,,,
C57BL/6J,f,33472,,,,,,,14.3,,,15.6,35.4,44.2,1553,9.12,7.40,,,,,,,,,,,,,,,,,,,,
C57BL/6J,f,33473,,,,,,,15.4,,,16,36.3,44.1,1631,9.61,9.90,,,,,,,,,,,,,,,,,,,,
C57BL/6J,f,33474,,,,,,,15.5,,,15.6,35.6,44,1540,9.91,9.30,,,,,,,,,,,,,,,,,,,,
C57BL/6J,f,33475,,,,,,,15.2,,,15.8,36,43.9,1598,9.64,8.70,,,,,,,,,,,,,,,,,,,,
C57BL/6J,f,33476,,,,,,,15.4,,,15.4,35.7,43.1,1150,10,8.90,,,,,,,,,,,,,,,,,,,,
C57BL/6J,f,33477,,,,,,,14.4,,,15.5,36.4,42.5,1469,9.35,10.2,,,,,,,,,,,,,,,,,,,,
C57BL/6J,f,33478,,,,,,,14.5,,,15.3,35.2,43.5,1560,9.50,9.70,,,,,,,,,,,,,,,,,,,,
C57BL/6J,f,33939,,,,,,,15.4,,,15.3,34,45,816,10.1,7,,,,,,,,,,,,,,,,,,,,
C57BL/6J,f,33940,,,,,,,15.4,,,15.4,32.3,48,584,10,3.10,,,,,,,,,,,,,,,,,,,,
C57BL/6J,f,33941,,,,,,,16,,,15.8,34.6,46,807,10.1,2.80,,,,,,,,,,,,,,,,,,,,
C57BL/6J,f,33942,,,,,,,15.3,,,14.7,32.5,45,843,10.4,3.60,,,,,,,,,,,,,,,,,,,,
C57BL/6J,f,33943,,,,,,,13.7,,,14.9,33,45,788,9.17,3.40,,,,,,,,,,,,,,,,,,,,
C57BL/6J,f,33944,,,,,,,14.5,,,15.2,33.9,45,796,9.51,4.90,,,,,,,,,,,,,,,,,,,,
C57BL/6J,f,33945,,,,,,,16.5,,,14.9,33.4,45,879,11.1,5,,,,,,,,,,,,,,,,,,,,
C57BL/6J,f,33946,,,,,,,15.8,,,14.8,33.2,45,913,10.7,4.10,,,,,,,,,,,,,,,,,,,,
C57BL/6J,f,33947,,,,,,,15,,,14.8,32.9,45,976,10.1,5,,,,,,,,,,,,,,,,,,,,
C57BL/6J,f,33948,,,,,,,15,,,14.7,32.7,45,814,10.2,4.10,,,,,,,,,,,,,,,,,,,,
C57BL/6J,f,33949,,,,,,,14.6,,,14.6,32.6,45,1074,10,2.50,,,,,,,,,,,,,,,,,,,,
C57BL/6J,f,33950,,,,,,,14.4,,,14.3,32.3,44,969,10.1,2,,,,,,,,,,,,,,,,,,,,
C57BL/6J,f,33951,,,,,,,13.9,,,14.2,32.1,44,1042,9.75,5.90,,,,,,,,,,,,,,,,,,,,
C57BL/6J,f,33952,,,,,,,16.1,,,14.7,33.1,44,1025,11,3.40,,,,,,,,,,,,,,,,,,,,
C57BL/6J,f,33953,,,,,,,14.4,,,14.5,32.5,45,979,9.93,2.30,,,,,,,,,,,,,,,,,,,,
C57BL/6J,f,33954,,,,,,,,,,,,,,,,,,,,,,,,,5,0.600,,,,,,,,,
C57BL/6J,f,33955,,,,,,,,,,,,,,,,,,,,,,,,,2.20,0.200,,,,,,,,,
C57BL/6J,f,33956,,,,,,,,,,,,,,,,,,,,,,,,,2,0.200,,,,,,,,,
C57BL/6J,f,33957,,,,,,,,,,,,,,,,,,,,,,,,,2.70,0.200,,,,,,,,,
C57BL/6J,f,33958,,,,,,,,,,,,,,,,,,,,,,,,,2.60,0.100,,,,,,,,,
C57BL/6J,f,33959,,,,,,,,,,,,,,,,,,,,,,,,,3.40,0.300,,,,,,,,,
C57BL/6J,f,33960,,,,,,,,,,,,,,,,,,,,,,,,,3.70,0.300,,,,,,,,,
C57BL/6J,f,33961,,,,,,,,,,,,,,,,,,,,,,,,,3,0.300,,,,,,,,,
C57BL/6J,f,33962,,,,,,,,,,,,,,,,,,,,,,,,,3.60,0.300,,,,,,,,,
C57BL/6J,f,33963,,,,,,,,,,,,,,,,,,,,,,,,,3.10,0.300,,,,,,,,,
C57BL/6J,f,33964,,,,,,,,,,,,,,,,,,,,,,,,,1.30,0.100,,,,,,,,,
C57BL/6J,f,33965,,,,,,,,,,,,,,,,,,,,,,,,,1.10,0.100,,,,,,,,,
C57BL/6J,f,33966,,,,,,,,,,,,,,,,,,,,,,,,,2.40,0.400,,,,,,,,,
C57BL/6J,f,33967,,,,,,,,,,,,,,,,,,,,,,,,,2.40,0.100,,,,,,,,,
C57BL/6J,f,33968,,,,,,,,,,,,,,,,,,,,,,,,,0.900,0.100,,,,,,,,,
C57BL/6J,m,32758,33,,107,868,90,84.6,,527,18.7,,,,,,,3.20,818,9.84,113,112,0.307,,,10.1,,,5.86,4.40,150,1.10,5.30,,134,74.4,
C57BL/6J,m,32759,76,,301,2994,113,91.3,,928,20.3,,,,,,,3.30,887,9.92,114,122,0.307,,1.34,11.7,,,7.78,4.70,149,0.400,6,,112,83.4,
C57BL/6J,m,32760,75,,175,1849,90,85.4,,677,17.9,,,,,,,3.20,863,9.76,113,112,0.307,,1.40,10.3,,,7.04,4.70,147,0.800,5.70,,105,73.8,
C57BL/6J,m,32761,44,,255,2524,88.2,88.9,,790,21.8,,,,,,,3.30,787,9.84,115,119,0.375,,,7.50,,,6.32,5.40,153,0.500,5.80,,135,84.0,
C57BL/6J,m,32762,29,,174,1628,97.2,79.2,,450,15.6,,,,,,,3.10,847,9.64,114,104,0.318,,1.19,9.40,,,6.23,4.70,150,1.40,5.50,,101,72.6,
C57BL/6J,m,32763,24,113,60,356,,,,282,,,,,,,,2.90,790,,116,115,0.295,,,,,,,4.40,152,2.70,,,166,,
C57BL/6J,m,32764,55,127,80,495,86.4,91.3,,398,,,,,,,,3.10,784,,111,121,0.318,,,9.10,,,,4.20,148,2.20,,,193,,
C57BL/6J,m,32765,10,63,37,265,,,,140,,,,,,,,,318,,112,,,,,5.10,,,,4.20,150,1,,,102,,
C57BL/6J,m,32766,22,97,62,423,90,86.2,,256,23.4,,,,,,,2.80,588,9.84,113,115,0.318,,1.27,10.6,,,7.41,4.70,150,2.80,5.30,,152,63.0,
C57BL/6J,m,32767,17,123,45,153,104,88.5,,168,,,,,,,,3.20,1101,,113,115,0.318,,,11.5,,,,3.80,151,2.60,,,170,,
C57BL/6J,m,32768,84,104,391,,72,79.6,,1412,32.0,,,,,,,3.20,734,10.1,112,120,0.261,,,11.5,,,7.13,5.10,150,,5.60,,294,79.2,
C57BL/6J,m,32769,58,108,456,1479,68.4,82.7,,1583,23.4,,,,,,,3.30,1132,9.16,110,128,,,1.96,11.9,,,6.76,6.20,154,,5.30,,254,90.6,
C57BL/6J,m,32770,30,79,50,187,79.2,75.7,,398,26.5,,,,,,,3.10,881,10.4,111,110,0.295,,1.23,11.7,,,6.17,4.20,149,1.40,5.10,,200,70.8,
C57BL/6J,m,32771,21,105,82,602,81,79.6,,465,28.1,,,,,,,3.10,865,9.92,111,116,0.295,,1.40,10.8,,,6.14,4.10,150,0.600,5.10,,225,79.8,
C57BL/6J,m,32772,40,112,214,2030,91.8,81.5,,648,25.4,,,,,,,3.20,686,9.92,112,115,0.307,,1.39,10.1,,,5.83,4.30,151,0.700,5.60,,188,96.6,
C57BL/6J,m,32773,25,179,120,824,99,59.7,,447,23.8,,,,,,,3.20,666,9.60,111,88.9,0.307,,1.36,11.8,,,6.08,4.40,147,0.900,5.50,,162,79.8,
C57BL/6J,m,32774,76,179,560,8530,90,55.8,,1588,24.2,,,,,,,3.20,667,9.56,113,88.1,0.307,,1.32,12.9,,,6.23,5.10,147,,5.70,,166,94.2,
C57BL/6J,m,32775,30,167,158,1420,75.6,57.7,,497,17.9,,,,,,,3.20,915,9.44,119,79.6,0.273,,1.32,11.7,,,5.36,4.50,151,1.10,5.50,,101,64.2,
C57BL/6J,m,32776,51,185,390,5543,64.8,53.4,,1299,17.6,,,,,,,2.90,670,8.56,118,84.6,0.239,,1.56,10.3,,,7.01,5.50,156,,5.40,,196,66.0,
C57BL/6J,m,32777,43,163,155,1508,106,60.5,,553,21.8,,,,,,,3.10,772,8.84,114,92.0,0.239,,1.49,13.4,,,5.43,4.20,154,1.40,6.10,,171,80.4,
C57BL/6J,m,33107,,,,,171,,,,,,,,,,,2.50,,8.68,112,,0.375,,,,,,8.15,8.60,148,,5.49,,,60.0,
C57BL/6J,m,33108,,,,,239,,,,,,,,,,,,,,112,,,,,,,,9.11,8.70,148,,0.890,,,53.4,
C57BL/6J,m,33109,,,,,238,,,,,,,,,,,,,8.76,113,,0.330,,,,,,,9.10,149,,6.10,,,60.6,
C57BL/6J,m,33110,,,,,86.4,,,,,,,,,,,,,,69,,,,,,,,8.12,4.50,,,0.780,,,46.8,
C57BL/6J,m,33111,,,,,80.3,,,,,,,,,,,3.52,,9.08,109,95.5,0.330,,,,,,6.20,9,147,,0.700,,96.1,42.0,
C57BL/6J,m,33112,,,,,94.1,,,,,,,,,,,,,,114,,,,,,,,,9.40,151,,0.960,,,57.6,
C57BL/6J,m,33113,,,,,173,,,,,,,,,,,3.46,,9.12,112,103,0.307,,,,,,9.39,8.20,149,,0.910,,53.4,54.6,
C57BL/6J,m,33114,,,,,154,,,,,,,,,,,3.13,,8.64,111,126,0.341,,,,,,6.82,8.70,147,,0.910,,77.4,54.6,
C57BL/6J,m,33115,,,,,176,,,,,,,,,,,2.71,,8.72,112,76.8,,,,,,,2.57,8.90,149,,0.880,,24.9,52.8,
C57BL/6J,m,33116,,,,,187,,,,,,,,,,,3.21,,7.72,114,60.1,0.341,,,,,,,,148,,5.33,,,73.2,
C57BL/6J,m,33304,,150,,30,82.4,,,,,,,,,,,,2142,8.80,117,19.1,0.394,63.6,,,,,5.58,3.80,166,,5.40,146,144,63.6,3.40
C57BL/6J,m,33305,,148,,26,62.3,,,,,,,,,,,,2184,8.80,112,19.1,0.380,47.2,,,,,4.96,3.40,162,,5.40,143,129,57.0,0.600
C57BL/6J,m,33306,,176,,136,69.8,,,,,,,,,,,,2902,8.80,119,19.1,0.380,86.8,,,,,8.06,4,168,,5.40,149,138,74.4,0.600
C57BL/6J,m,33307,,158,,14,48.6,,,,,,,,,,,,2968,9.60,118,19.1,0.410,75,,,,,7.44,4,170,,5.80,137,150,75.0,1.20
C57BL/6J,m,33308,,160,,750,53.6,,,,,,,,,,,,2674,8.80,114,19.1,0.424,60.8,,,,,4.96,3.80,166,,5.60,144,142,82.8,1.20
C57BL/6J,m,33309,,144,,588,63.2,,,,,,,,,,,,2048,8.80,115,19.1,0.455,67.2,,,,,6.20,4.20,164,,5,133,116,79.2,0.200
C57BL/6J,m,33310,,160,,358,33.1,,,,,,,,,,,,2236,8.80,113,19.1,0.410,62.6,,,,,5.58,3.80,164,,5.60,143,139,63.6,2
C57BL/6J,m,33312,,130,,36,28.4,,,,,,,,,,,,3078,9.60,118,19.1,0.319,71.8,,,,,5.58,3.60,164,,5.80,152,209,59.8,0.800
C57BL/6J,m,33313,,138,,966,73.6,,,,,,,,,,,,2768,8.80,120,19.1,0.424,90.4,,,,,6.20,4.20,168,,5.60,145,128,81.0,0.200
C57BL/6J,m,33314,,148,,160,77.6,,,,,,,,,,,,2796,8.80,117,19.1,0.410,69,,,,,6.20,4,164,,5.60,143,169,70.8,2
C57BL/6J,m,33315,,150,,70,81.7,,,,,,,,,,,,2782,9.60,118,19.1,0.410,79.4,,,,,7.44,4.40,166,,5.60,145,187,80.4,2
C57BL/6J,m,33316,,146,,32,83.3,,,,,,,,,,,,2780,8.80,118,19.1,0.364,74.4,,,,,6.82,3.40,166,,5.80,145,222,66.6,2
C57BL/6J,m,33317,,158,,32,85.1,,,,,,,,,,,,2950,9.60,117,19.1,0.394,96.8,,,,,6.82,4,166,,6,152,148,79.8,1.20
C57BL/6J,m,33318,,134,,58,89.3,,,,,,,,,,,,2452,8.80,118,19.1,0.380,66.4,,,,,6.82,3.80,164,,5.60,146,131,74.4,0.800
C57BL/6J,m,33439,,,,,,,14.3,,,14.8,34,43.5,1557,9.69,9.40,,,,,,,,,,,,,,,,,,,,
C57BL/6J,m,33440,,,,,,,14.8,,,14.9,34.4,43.3,1609,9.89,8.90,,,,,,,,,,,,,,,,,,,,
C57BL/6J,m,33441,,,,,,,14.9,,,15.3,35.4,43.3,1702,9.71,9.50,,,,,,,,,,,,,,,,,,,,
C57BL/6J,m,33442,,,,,,,15,,,15.7,35.5,44.1,1600,9.60,9.80,,,,,,,,,,,,,,,,,,,,
C57BL/6J,m,33443,,,,,,,14.7,,,14.9,34.4,43.3,1532,9.82,7.90,,,,,,,,,,,,,,,,,,,,
C57BL/6J,m,33444,,,,,,,14.6,,,15.2,34.5,44,1589,9.64,7.40,,,,,,,,,,,,,,,,,,,,
C57BL/6J,m,33445,,,,,,,15.1,,,15.1,34.7,43.5,1683,9.97,6.30,,,,,,,,,,,,,,,,,,,,
C57BL/6J,m,33446,,,,,,,14.6,,,14.8,33.8,43.9,1611,9.84,7.50,,,,,,,,,,,,,,,,,,,,
C57BL/6J,m,33447,,,,,,,15.6,,,15,34.1,43.9,1519,10.4,7.10,,,,,,,,,,,,,,,,,,,,
C57BL/6J,m,33448,,,,,,,14.3,,,15.4,34.9,44,1653,9.34,6.20,,,,,,,,,,,,,,,,,,,,
C57BL/6J,m,33449,,,,,,,14.3,,,15,34.8,43,1589,9.56,9.10,,,,,,,,,,,,,,,,,,,,
C57BL/6J,m,33450,,,,,,,15.3,,,15.1,35.1,43,1610,10.1,7.60,,,,,,,,,,,,,,,,,,,,
C57BL/6J,m,33451,,,,,,,15,,,14.9,35.2,42.4,1829,10.1,5.20,,,,,,,,,,,,,,,,,,,,
C57BL/6J,m,33452,,,,,,,14.4,,,15.2,34.7,43.7,1651,9.49,9.10,,,,,,,,,,,,,,,,,,,,
C57BL/6J,m,33453,,,,,,,15.3,,,15.3,35.4,43.3,1685,9.97,8.30,,,,,,,,,,,,,,,,,,,,
C57BL/6J,m,33454,,,,,,,15,,,15.1,35.4,42.5,1663,9.93,6.30,,,,,,,,,,,,,,,,,,,,
C57BL/6J,m,33455,,,,,,,14.6,,,15,34.8,43,1616,9.75,6.30,,,,,,,,,,,,,,,,,,,,
C57BL/6J,m,33456,,,,,,,14.3,,,15.2,35,43.4,1575,9.41,8.30,,,,,,,,,,,,,,,,,,,,
C57BL/6J,m,33457,,,,,,,14.4,,,15.5,35.4,43.9,1544,9.27,9.30,,,,,,,,,,,,,,,,,,,,
C57BL/6J,m,33458,,,,,,,15.1,,,15.3,36,42.5,1443,9.86,7.20,,,,,,,,,,,,,,,,,,,,
C57BL/6J,m,33969,,,,,,,15.5,,,15,32.1,47,708,10.3,7.10,,,,,,,,,,,,,,,,,,,,
C57BL/6J,m,33970,,,,,,,15.9,,,15.1,31.9,47,718,10.5,5.20,,,,,,,,,,,,,,,,,,,,
C57BL/6J,m,33971,,,,,,,15.8,,,14.7,32.4,45,930,10.7,6.80,,,,,,,,,,,,,,,,,,,,
C57BL/6J,m,33972,,,,,,,16.1,,,14.2,31.6,45,1000,11.3,7.30,,,,,,,,,,,,,,,,,,,,
C57BL/6J,m,33973,,,,,,,16.6,,,14.8,32.8,45,1013,11.2,7.30,,,,,,,,,,,,,,,,,,,,
C57BL/6J,m,33974,,,,,,,13.9,,,14.9,32,47,646,9.32,3.80,,,,,,,,,,,,,,,,,,,,
C57BL/6J,m,33975,,,,,,,15.8,,,14.9,32.7,46,673,10.6,5.40,,,,,,,,,,,,,,,,,,,,
C57BL/6J,m,33976,,,,,,,12,,,14.8,33.4,44,504,8.09,5.40,,,,,,,,,,,,,,,,,,,,
C57BL/6J,m,33977,,,,,,,13.9,,,15,33.1,45,1056,9.27,7.60,,,,,,,,,,,,,,,,,,,,
C57BL/6J,m,33978,,,,,,,15.7,,,14.8,32.8,45,908,10.6,4.90,,,,,,,,,,,,,,,,,,,,
C57BL/6J,m,33979,,,,,,,16.1,,,14.5,32.5,45,914,11.1,2.80,,,,,,,,,,,,,,,,,,,,
C57BL/6J,m,33980,,,,,,,14.8,,,14.6,32.7,45,935,10.1,5.70,,,,,,,,,,,,,,,,,,,,
C57BL/6J,m,33981,,,,,,,18.5,,,19.2,42.5,45,988,9.62,5.70,,,,,,,,,,,,,,,,,,,,
C57BL/6J,m,33982,,,,,,,15.6,,,14.7,32.7,45,958,10.6,6.60,,,,,,,,,,,,,,,,,,,,
C57BL/6J,m,33983,,,,,,,15.2,,,14.5,32.3,45,950,10.5,4.90,,,,,,,,,,,,,,,,,,,,
C57BL/6J,m,33984,,,,,,,,,,,,,,,,,,,,,,,,,4.90,0.500,,,,,,,,,
C57BL/6J,m,33985,,,,,,,,,,,,,,,,,,,,,,,,,3.60,0.300,,,,,,,,,
C57BL/6J,m,33986,,,,,,,,,,,,,,,,,,,,,,,,,5,0.500,,,,,,,,,
C57BL/6J,m,33987,,,,,,,,,,,,,,,,,,,,,,,,,5,0.600,,,,,,,,,
C57BL/6J,m,33988,,,,,,,,,,,,,,,,,,,,,,,,,5.70,0.500,,,,,,,,,
C57BL/6J,m,33989,,,,,,,,,,,,,,,,,,,,,,,,,2.60,0.300,,,,,,,,,
C57BL/6J,m,33990,,,,,,,,,,,,,,,,,,,,,,,,,3.90,0.300,,,,,,,,,
C57BL/6J,m,33991,,,,,,,,,,,,,,,,,,,,,,,,,3.60,0.300,,,,,,,,,
C57BL/6J,m,33992,,,,,,,,,,,,,,,,,,,,,,,,,5.30,0.500,,,,,,,,,
C57BL/6J,m,33993,,,,,,,,,,,,,,,,,,,,,,,,,3.40,0.300,,,,,,,,,
C57BL/6J,m,33994,,,,,,,,,,,,,,,,,,,,,,,,,2.10,0.200,,,,,,,,,
C57BL/6J,m,33995,,,,,,,,,,,,,,,,,,,,,,,,,3.90,0.300,,,,,,,,,
C57BL/6J,m,33996,,,,,,,,,,,,,,,,,,,,,,,,,4.20,0.300,,,,,,,,,
C57BL/6J,m,33997,,,,,,,,,,,,,,,,,,,,,,,,,4.70,0.500,,,,,,,,,
C57BL/6J,m,33998,,,,,,,,,,,,,,,,,,,,,,,,,3.80,0.300,,,,,,,,,
